timestamp,value,anomaly_score,label
2011-07-01 00:00:01,0.0819647355164,0.0,0
2011-07-01 01:00:01,0.0989722357526,0.0,0
2011-07-01 02:00:01,0.0653139485883,0.0,0
2011-07-01 03:00:01,0.0706628339533,0.0,0
2011-07-01 04:00:01,0.102490196078,0.0,0
2011-07-01 05:00:01,0.123394648829,0.0,0
2011-07-01 06:00:01,0.153045112782,0.0,0
2011-07-01 07:00:01,0.148321513002,0.0,0
2011-07-01 08:00:01,0.218257756563,0.0,0
2011-07-01 09:00:01,0.226597938144,0.0,0
2011-07-01 10:00:01,0.174045801527,1.0,0
2011-07-01 11:00:01,0.159901960784,0.0,0
2011-07-01 12:00:01,0.145626477541,1.0,0
2011-07-01 13:00:01,0.143828571429,0.0,0
2011-07-01 14:00:01,0.136604651163,0.0,0
2011-07-01 15:00:01,0.134952494062,0.0,0
2011-07-01 16:00:01,0.112707774799,0.0,0
2011-07-01 17:00:01,0.103763277693,0.0,0
2011-07-01 18:00:01,0.0987147766323,0.0,0
2011-07-01 19:00:01,0.0916247582205,1.0,0
2011-07-01 20:00:01,0.0804951690821,1.0,0
2011-07-01 21:00:01,0.0845783926219,0.0,0
2011-07-01 22:00:01,0.0866643159379,0.0,0
2011-07-01 23:00:01,0.0988316679477,0.0,0
2011-07-02 00:00:01,0.11795614722,0.0,0
2011-07-02 01:00:01,0.0909769230769,0.0,0
2011-07-02 02:00:01,0.0843243243243,1.0,0
2011-07-02 03:00:01,0.0694744820616,0.0,0
2011-07-02 04:00:01,0.0712875751503,1.0,0
2011-07-02 05:00:01,0.0738199181446,0.0,0
2011-07-02 06:00:01,0.113498134328,0.0,0
2011-07-02 07:00:01,0.141458064516,0.0,0
2011-07-02 08:00:01,0.189128787879,0.0,0
2011-07-02 09:00:01,0.151339712919,0.0,0
2011-07-02 10:00:01,0.155231143552,0.0,0
2011-07-02 11:00:01,0.14298245614,0.0,0
2011-07-02 12:00:01,0.144218181818,0.0,0
2011-07-02 13:00:01,0.143366500829,0.0,0
2011-07-02 14:00:01,0.152361516035,0.0,0
2011-07-02 15:00:01,0.143050228311,0.0,0
2011-07-02 16:00:01,0.102183828611,0.0,0
2011-07-02 17:00:01,0.0924731182796,0.0,0
2011-07-02 18:00:01,0.0764556962025,1.0,0
2011-07-02 19:00:01,0.0743530192435,0.0,0
2011-07-02 20:00:01,0.0709893842887,0.0,0
2011-07-02 21:00:01,0.0571908831909,1.0,0
2011-07-02 22:00:01,0.0629096362955,1.0,0
2011-07-02 23:00:01,0.065544768069,0.0,0
2011-07-03 00:00:01,0.0567160161507,1.0,0
2011-07-03 01:00:01,0.0587607170694,0.0,0
2011-07-03 02:00:01,0.0598788546256,1.0,0
2011-07-03 03:00:01,0.0512832369942,0.0,0
2011-07-03 04:00:01,0.0591086065574,0.0,0
2011-07-03 05:00:01,0.0691399082569,0.0,0
2011-07-03 06:00:01,0.091963099631,0.0,0
2011-07-03 07:00:01,0.124621212121,0.0,0
2011-07-03 08:00:01,0.218095238095,1.0,0
2011-07-03 09:00:01,0.172130325815,1.0,0
2011-07-03 10:00:01,0.142936288089,0.0,0
2011-07-03 11:00:01,0.147341389728,1.0,0
2011-07-03 12:00:01,0.123138297872,0.0,0
2011-07-03 13:00:01,0.123795986622,1.0,0
2011-07-03 14:00:01,0.121458797327,0.0,0
2011-07-03 15:00:01,0.114387596899,0.0,0
2011-07-03 16:00:01,0.0894912891986,1.0,0
2011-07-03 17:00:01,0.0797851697852,0.0,0
2011-07-03 18:00:01,0.0724256756757,1.0,0
2011-07-03 19:00:01,0.0671052631579,1.0,0
2011-07-03 20:00:01,0.0625718496684,0.0,0
2011-07-03 21:00:01,0.0512057335582,7.897611630114376e-05,0
2011-07-03 22:00:01,0.050217721519,1.0,0
2011-07-03 23:00:01,0.0530833333333,1.0,0
2011-07-04 00:00:01,0.0454658136745,0.9999998637466518,0
2011-07-04 01:00:01,0.0482011892963,1.0,0
2011-07-04 02:00:01,0.0424707080998,0.0,0
2011-07-04 03:00:01,0.0361947700631,0.0,0
2011-07-04 04:00:01,0.0423479561316,1.0,0
2011-07-04 05:00:01,0.0616081330869,0.0,0
2011-07-04 06:00:01,0.0973949579832,1.0,0
2011-07-04 07:00:01,0.122106918239,0.0,0
2011-07-04 08:00:01,0.182614213198,0.007775457723933177,0
2011-07-04 09:00:01,0.176124567474,1.0,0
2011-07-04 10:00:01,0.146950672646,1.0,0
2011-07-04 11:00:01,0.121809045226,1.0,0
2011-07-04 12:00:01,0.127351694915,1.0,0
2011-07-04 13:00:01,0.111390532544,0.0,0
2011-07-04 14:00:01,0.123798816568,0.0,0
2011-07-04 15:00:01,0.110897571278,1.0,0
2011-07-04 16:00:01,0.0864069952305,0.0,0
2011-07-04 17:00:01,0.0857901085645,1.0,0
2011-07-04 18:00:01,0.0712333965844,0.0,0
2011-07-04 19:00:01,0.0664840182648,1.0,0
2011-07-04 20:00:01,0.0633661075766,1.0,0
2011-07-04 21:00:01,0.0602728613569,1.0,0
2011-07-04 22:00:01,0.0604935424354,0.0,0
2011-07-04 23:00:01,0.059634551495,1.0,0
2011-07-05 00:00:01,0.0555023094688,0.0,0
2011-07-05 01:00:01,0.0426701570681,1.0,0
2011-07-05 02:00:01,0.0454550792719,0.0,0
2011-07-05 03:00:01,0.0372700871249,1.0,0
2011-07-05 04:00:01,0.0448206751055,1.0,0
2011-07-05 05:00:01,0.0649965493444,1.0,0
2011-07-05 06:00:01,0.0948186528497,1.0,0
2011-07-05 07:00:01,0.11772173913,1.0,0
2011-07-05 08:00:01,0.176833333333,1.0,0
2011-07-05 09:00:01,0.146557377049,1.0,0
2011-07-05 10:00:01,0.133574297189,0.0,0
2011-07-05 11:00:01,0.139591836735,0.0,0
2011-07-05 12:00:01,0.113243243243,1.0,0
2011-07-05 13:00:01,0.121060070671,1.0,0
2011-07-05 14:00:01,0.119309210526,1.0,0
2011-07-05 15:00:01,0.105715846995,0.0,0
2011-07-05 16:00:01,0.0908553546592,1.0,0
2011-07-05 17:00:01,0.0824758220503,1.0,0
2011-07-05 18:00:01,0.0744980370163,0.0,0
2011-07-05 19:00:01,0.0757240204429,1.0,0
2011-07-05 20:00:01,0.0704836829837,1.0,0
2011-07-05 21:00:01,0.0659228486647,1.0,0
2011-07-05 22:00:01,0.0508973252804,1.0,0
2011-07-05 23:00:01,0.0550694444444,1.0,0
2011-07-06 00:00:01,0.0592647765497,0.0,0
2011-07-06 01:00:01,0.0506581469649,0.0,0
2011-07-06 02:00:01,0.0409549982824,0.0,0
2011-07-06 03:00:01,0.0354873115116,1.0,0
2011-07-06 04:00:01,0.0584235976789,1.0,0
2011-07-06 05:00:01,0.0979736408567,1.0,0
2011-07-06 06:00:01,0.109025423729,1.0,0
2011-07-06 07:00:01,0.11874025974,1.0,0
2011-07-06 08:00:01,0.171501416431,1.0,0
2011-07-06 09:00:01,0.177857142857,0.0,0
2011-07-06 10:00:01,0.138678414097,1.0,0
2011-07-06 11:00:01,0.140806451613,0.016945543064939783,0
2011-07-06 12:00:01,0.153417721519,1.0,0
2011-07-06 13:00:01,0.11140070922,1.0,0
2011-07-06 14:00:01,0.114154929577,1.0,0
2011-07-06 15:00:01,0.117304261645,1.0,0
2011-07-06 16:00:01,0.0871753246753,1.0,0
2011-07-06 17:00:01,0.0905656934307,1.0,0
2011-07-06 18:00:01,0.0828233970754,1.0,0
2011-07-06 19:00:01,0.0885174625802,1.0,0
2011-07-06 20:00:01,0.0849336128581,1.0,0
2011-07-06 21:00:01,0.0927850877193,1.0,0
2011-07-06 22:00:01,0.080655983976,1.0,0
2011-07-06 23:00:01,0.0737714285714,1.0,0
2011-07-07 00:00:01,0.0589785227868,1.0,0
2011-07-07 01:00:01,0.0518829376035,0.0,0
2011-07-07 02:00:01,0.0399152920196,1.0,0
2011-07-07 03:00:01,0.0365565345081,1.0,0
2011-07-07 04:00:01,0.0422852912142,1.0,0
2011-07-07 05:00:01,0.0599111111111,1.0,0
2011-07-07 06:00:01,0.06836,1.0,0
2011-07-07 07:00:01,0.0785412474849,1.0,0
2011-07-07 08:00:01,0.1369,1.0,0
2011-07-07 09:00:01,0.134372469636,1.0,0
2011-07-07 10:00:01,0.130298102981,1.0,0
2011-07-07 11:00:01,0.0940255591054,1.0,0
2011-07-07 12:00:01,0.0949642004773,1.0,0
2011-07-07 13:00:01,0.0797727272727,1.0,0
2011-07-07 14:00:01,0.0865840938722,1.0,0
2011-07-07 15:00:01,0.0828489795918,1.0,0
2011-07-07 16:00:01,0.0643440860215,1.0,0
2011-07-07 17:00:01,0.0631866776316,1.0,0
2011-07-07 18:00:01,0.0588312368973,1.0,0
2011-07-07 19:00:01,0.0553018372703,1.0,0
2011-07-07 20:00:01,0.0636177474403,1.0,0
2011-07-07 21:00:01,0.0696616541353,1.0,0
2011-07-07 22:00:01,0.0672093023256,1.0,0
2011-07-07 23:00:01,0.0647668393782,1.0,0
2011-07-08 00:00:01,0.0529286858974,1.0,0
2011-07-08 01:00:01,0.043,0.0,0
2011-07-08 02:00:01,0.0370847315436,1.0,0
2011-07-08 03:00:01,0.029056261343,1.0,0
2011-07-08 04:00:01,0.0390342793955,1.0,0
2011-07-08 05:00:01,0.0547750865052,0.0,0
2011-07-08 06:00:01,0.077652733119,1.0,0
2011-07-08 07:00:01,0.105649202733,1.0,0
2011-07-08 08:00:01,0.106728624535,1.0,0
2011-07-08 09:00:01,0.13031358885,1.0,0
2011-07-08 10:00:01,0.114,1.0,0
2011-07-08 11:00:01,0.0982986111111,1.0,0
2011-07-08 12:00:01,0.0896160558464,1.0,0
2011-07-08 13:00:01,0.082061482821,1.0,0
2011-07-08 14:00:01,0.0775255102041,1.0,0
2011-07-08 15:00:01,0.080700525394,1.0,0
2011-07-08 16:00:01,0.0630213706706,1.0,0
2011-07-08 17:00:01,0.0710957642726,1.0,0
2011-07-08 18:00:01,0.0692333019755,1.0,0
2011-07-08 19:00:01,0.0578288770053,1.0,0
2011-07-08 20:00:01,0.0509116607774,1.0,0
2011-07-08 21:00:01,0.0566599025974,1.0,0
2011-07-08 22:00:01,0.051887966805,1.0,0
2011-07-08 23:00:01,0.0498945703743,1.0,0
2011-07-09 00:00:01,0.05091367713,1.0,0
2011-07-09 01:00:01,0.0543451568895,1.0,0
2011-07-09 02:00:01,0.0465873959572,1.0,0
2011-07-09 03:00:01,0.0408384458078,0.7780591942535822,0
2011-07-09 04:00:01,0.0569039323046,0.0,0
2011-07-09 05:00:01,0.065549898167,1.0,0
2011-07-09 06:00:01,0.0830152671756,1.0,0
2011-07-09 07:00:01,0.103198924731,1.0,0
2011-07-09 08:00:01,0.137385398981,1.0,0
2011-07-09 09:00:01,0.124793187348,0.34146339347678323,0
2011-07-09 10:00:01,0.108936170213,1.0,0
2011-07-09 11:00:01,0.110889423077,1.0,0
2011-07-09 12:00:01,0.102679180887,1.0,0
2011-07-09 13:00:01,0.0846708860759,1.0,0
2011-07-09 14:00:01,0.074122983871,1.0,0
2011-07-09 15:00:01,0.0688360175695,1.0,0
2011-07-09 16:00:01,0.0609321533923,0.0,0
2011-07-09 17:00:01,0.0511821086262,0.0032708286207445703,0
2011-07-09 18:00:01,0.0732703213611,1.0,0
2011-07-09 19:00:01,0.0747021445592,1.0,0
2011-07-09 20:00:01,0.0693601190476,1.0,0
2011-07-09 21:00:01,0.069770879527,1.0,0
2011-07-09 22:00:01,0.0528718226068,1.0,0
2011-07-09 23:00:01,0.0605546403075,1.0,0
2011-07-10 00:00:01,0.0679034582133,1.0,0
2011-07-10 01:00:01,0.0553818443804,1.0,0
2011-07-10 02:00:01,0.0410645339217,1.0,0
2011-07-10 03:00:01,0.03905,1.0,0
2011-07-10 04:00:01,0.0452134831461,1.0,0
2011-07-10 05:00:01,0.0568603465851,1.0,0
2011-07-10 06:00:01,0.0712981199642,1.0,0
2011-07-10 07:00:01,0.088981042654,1.0,0
2011-07-10 08:00:01,0.14926335175,1.0,0
2011-07-10 09:00:01,0.12248,1.0,0
2011-07-10 10:00:01,0.116993318486,1.0,0
2011-07-10 11:00:01,0.111520342612,0.6537092796105606,0
2011-07-10 12:00:01,0.100423728814,1.0,0
2011-07-10 13:00:01,0.0807338129496,1.0,0
2011-07-10 14:00:01,0.0885483870968,1.0,0
2011-07-10 15:00:01,0.0845520833333,0.4510858888192306,0
2011-07-10 16:00:01,0.0803118503119,1.0,0
2011-07-10 17:00:01,0.0752053063803,1.0,0
2011-07-10 18:00:01,0.0604114134041,1.0,0
2011-07-10 19:00:01,0.0611792138574,1.0,0
2011-07-10 20:00:01,0.0581619758759,1.0,0
2011-07-10 21:00:01,0.0557387444515,0.0,0
2011-07-10 22:00:01,0.0557292271935,1.0,0
2011-07-10 23:00:01,0.0554871794872,1.0,0
2011-07-11 00:00:01,0.0435956467141,1.0,0
2011-07-11 01:00:01,0.0410140708394,1.0,0
2011-07-11 02:00:01,0.0390708661417,1.0,0
2011-07-11 03:00:01,0.0484085051546,1.0,0
2011-07-11 04:00:01,0.0548306233062,1.0,1
2011-07-11 05:00:01,0.0798846787479,1.0,1
2011-07-11 06:00:01,0.0904545454545,1.0,1
2011-07-11 07:00:01,0.109911504425,0.0,1
2011-07-11 08:00:01,0.14953125,1.0,1
2011-07-11 09:00:01,0.128966789668,1.0,1
2011-07-11 10:00:01,0.120981132075,1.0,1
2011-07-11 11:00:01,0.10642599278,1.0,1
2011-07-11 12:00:01,0.0980687830688,1.0,1
2011-07-11 13:00:01,0.0895955882353,1.0,1
2011-07-11 14:00:01,0.0831072555205,0.0,1
2011-07-11 15:00:01,0.0761529933481,1.0,1
2011-07-11 16:00:01,0.0695591836735,1.0,1
2011-07-11 17:00:01,0.0800690184049,1.0,1
2011-07-11 18:00:01,0.0713066871637,0.4842927502731762,1
2011-07-11 19:00:01,0.0689016172507,1.0,1
2011-07-11 20:00:01,0.0657076101469,1.0,1
2011-07-11 21:00:01,0.0488832772166,1.0,1
2011-07-11 22:00:01,0.0446334716459,1.0,1
2011-07-11 23:00:01,0.0437057808456,1.0,1
2011-07-12 00:00:01,0.0405548387097,1.0,1
2011-07-12 01:00:01,0.0395984286338,0.6281625552639241,1
2011-07-12 02:00:01,0.0376497277677,1.0,1
2011-07-12 03:00:01,0.0273855730502,0.0,1
2011-07-12 04:00:01,0.0399748638458,1.0,1
2011-07-12 05:00:01,0.0512578222778,1.0,1
2011-07-12 06:00:01,0.0768638392857,1.0,1
2011-07-12 07:00:01,0.0844540229885,1.0,1
2011-07-12 08:00:01,0.134916317992,1.0,1
2011-07-12 09:00:01,0.130771812081,1.0,1
2011-07-12 10:00:01,0.122636363636,0.5882159612331808,1
2011-07-12 11:00:01,0.116319218241,1.0,1
2011-07-12 12:00:01,0.113074935401,0.46092578783542026,1
2011-07-12 13:00:01,0.0957581227437,1.0,1
2011-07-12 14:00:01,0.0948387096774,1.0,1
2011-07-12 15:00:01,0.0883890954151,0.0,1
2011-07-12 16:00:01,0.0805347091932,1.0,1
2011-07-12 17:00:01,0.0838054474708,1.0,1
2011-07-12 18:00:01,0.0699471598415,0.624241333493599,1
2011-07-12 19:00:01,0.0719724437999,0.6829006020588422,1
2011-07-12 20:00:01,0.0716866359447,1.0,1
2011-07-12 21:00:01,0.0751682134571,1.0,1
2011-07-12 22:00:01,0.0701829697396,1.0,1
2011-07-12 23:00:01,0.0624853458382,1.0,1
2011-07-13 00:00:01,0.0591021967526,1.0,1
2011-07-13 01:00:01,0.0564490339773,1.0,1
2011-07-13 02:00:01,0.0495853829937,1.0,1
2011-07-13 03:00:01,0.0428013833992,1.0,1
2011-07-13 04:00:01,0.06172,1.0,1
2011-07-13 05:00:01,0.0787394957983,1.0,1
2011-07-13 06:00:01,0.104476190476,1.0,1
2011-07-13 07:00:01,0.137398843931,1.0,1
2011-07-13 08:00:01,0.173003095975,1.0,1
2011-07-13 09:00:01,0.160666666667,1.0,1
2011-07-13 10:00:01,0.140447761194,1.0,1
2011-07-13 11:00:01,0.14541322314,1.0,1
2011-07-13 12:00:01,0.105280665281,1.0,1
2011-07-13 13:00:01,0.109710144928,1.0,1
2011-07-13 14:00:01,0.119234234234,0.0015580360628593137,1
2011-07-13 15:00:01,0.109706521739,1.0,1
2011-07-13 16:00:01,0.1125,1.0,1
2011-07-13 17:00:01,0.0806234203875,1.0,1
2011-07-13 18:00:01,0.0751756954612,1.0,1
2011-07-13 19:00:01,0.0643361473523,1.0,1
2011-07-13 20:00:01,0.0632748143147,1.0,1
2011-07-13 21:00:01,0.0527571669477,1.0,1
2011-07-13 22:00:01,0.0587525562372,0.0,1
2011-07-13 23:00:01,0.0675053153792,1.0,1
2011-07-14 00:00:01,0.0630647709321,0.6291093070865377,1
2011-07-14 01:00:01,0.0542712671029,1.0,1
2011-07-14 02:00:01,0.0454437869822,1.0,1
2011-07-14 03:00:01,0.0427843915344,1.0,1
2011-07-14 04:00:01,0.0754888039323,1.0,1
2011-07-14 05:00:01,0.12162962963,0.261784224971789,1
2011-07-14 06:00:01,0.104147465438,1.0,1
2011-07-14 07:00:01,0.11685300207,0.6549153442786331,1
2011-07-14 08:00:01,0.163841463415,1.0,1
2011-07-14 09:00:01,0.134169491525,0.8032961088940169,1
2011-07-14 10:00:01,0.119638554217,0.5979483707155822,1
2011-07-14 11:00:01,0.105258215962,1.0,1
2011-07-14 12:00:01,0.139400428266,1.0,1
2011-07-14 13:00:01,0.172899728997,1.0,1
2011-07-14 14:00:01,0.143414285714,1.0,1
2011-07-14 15:00:01,0.113112980769,0.6249509139872276,1
2011-07-14 16:00:01,0.102432082794,1.0,1
2011-07-14 17:00:01,0.0945905420992,1.0,1
2011-07-14 18:00:01,0.0876892109501,1.0,1
2011-07-14 19:00:01,0.0769917743831,1.0,1
2011-07-14 20:00:01,0.0660641579272,1.0,1
2011-07-14 21:00:01,0.0686515748031,1.0,1
2011-07-14 22:00:01,0.0630867518494,1.0,1
2011-07-14 23:00:01,0.0668716289105,1.0,1
2011-07-15 00:00:01,0.066568,1.0,1
2011-07-15 01:00:01,0.064297188755,1.0,1
2011-07-15 02:00:01,0.0545993031359,1.0,1
2011-07-15 03:00:01,0.0488020833333,1.0,1
2011-07-15 04:00:01,0.0657415254237,1.0,1
2011-07-15 05:00:01,0.0831349628055,1.0,1
2011-07-15 06:00:01,0.0972619047619,1.0,1
2011-07-15 07:00:01,0.128293650794,0.8112017451009315,1
2011-07-15 08:00:01,0.142421052632,1.0,1
2011-07-15 09:00:01,0.143630573248,1.0,1
2011-07-15 10:00:01,0.107873754153,0.5784023852421714,1
2011-07-15 11:00:01,0.128459119497,0.8539068470753383,1
2011-07-15 12:00:01,0.153944954128,1.0,1
2011-07-15 13:00:01,0.121011904762,1.0,1
2011-07-15 14:00:01,0.122206349206,1.0,1
2011-07-15 15:00:01,0.119244114002,0.7668689496951429,1
2011-07-15 16:00:01,0.125719257541,0.3688823467322626,1
2011-07-15 17:00:01,0.105527472527,1.0,1
2011-07-15 18:00:01,0.107925531915,1.0,1
2011-07-15 19:00:01,0.101285140562,1.0,1
2011-07-15 20:00:01,0.0782247557003,1.0,1
2011-07-15 21:00:01,0.0794422535211,1.0,1
2011-07-15 22:00:01,0.0666718386346,1.0,1
2011-07-15 23:00:01,0.0679684763573,1.0,1
2011-07-16 00:00:01,0.0628316953317,1.0,1
2011-07-16 01:00:01,0.0576279974076,1.0,1
2011-07-16 02:00:01,0.0515857226448,0.30503647008068746,1
2011-07-16 03:00:01,0.0459335873707,1.0,1
2011-07-16 04:00:01,0.0593970893971,0.3952313515041421,1
2011-07-16 05:00:01,0.0690847322142,1.0,1
2011-07-16 06:00:01,0.0845133819951,1.0,1
2011-07-16 07:00:01,0.128930987821,0.6239994827752964,1
2011-07-16 08:00:01,0.133377777778,0.6872621402844146,1
2011-07-16 09:00:01,0.133666666667,1.0,1
2011-07-16 10:00:01,0.110243902439,1.0,1
2011-07-16 11:00:01,0.124468085106,1.0,1
2011-07-16 12:00:01,0.129587426326,1.0,1
2011-07-16 13:00:01,0.116791277259,0.659639090597362,1
2011-07-16 14:00:01,0.131853658537,1.0,1
2011-07-16 15:00:01,0.12354799514,0.6525163407749833,1
2011-07-16 16:00:01,0.106280991736,1.0,1
2011-07-16 17:00:01,0.0875408163265,1.0,1
2011-07-16 18:00:01,0.0848959032908,1.0,1
2011-07-16 19:00:01,0.0850235849057,1.0,1
2011-07-16 20:00:01,0.088818263205,1.0,1
2011-07-16 21:00:01,0.0806446140797,1.0,1
2011-07-16 22:00:01,0.0916818181818,1.0,1
2011-07-16 23:00:01,0.0951011433597,1.0,1
2011-07-17 00:00:01,0.0823130608175,1.0,1
2011-07-17 01:00:01,0.0839484126984,1.0,1
2011-07-17 02:00:01,0.0714049586777,0.6545023222613999,1
2011-07-17 03:00:01,0.0668453865337,0.3749601406930565,1
2011-07-17 04:00:01,0.089832149774,1.0,1
2011-07-17 05:00:01,0.0864338235294,1.0,1
2011-07-17 06:00:01,0.0963191763192,1.0,1
2011-07-17 07:00:01,0.133951219512,1.0,1
2011-07-17 08:00:01,0.129698113208,1.0,1
2011-07-17 09:00:01,0.113882352941,0.8251068472099654,1
2011-07-17 10:00:01,0.103264033264,1.0,1
2011-07-17 11:00:01,0.123671232877,1.0,1
2011-07-17 12:00:01,0.118403361345,1.0,1
2011-07-17 13:00:01,0.120855263158,0.8276510773018172,1
2011-07-17 14:00:01,0.128103932584,0.7304480705921872,1
2011-07-17 15:00:01,0.123614864865,0.7267790240969807,1
2011-07-17 16:00:01,0.103994169096,0.6306964111860649,1
2011-07-17 17:00:01,0.0921825023518,1.0,1
2011-07-17 18:00:01,0.0784539007092,1.0,1
2011-07-17 19:00:01,0.0691608391608,1.0,1
2011-07-17 20:00:01,0.0860685033507,1.0,1
2011-07-17 21:00:01,0.0812937347437,1.0,1
2011-07-17 22:00:01,0.0766594360087,1.0,1
2011-07-17 23:00:01,0.0688845553822,1.0,0
2011-07-18 00:00:01,0.0831017369727,1.0,0
2011-07-18 01:00:01,0.0562208915502,1.0,0
2011-07-18 02:00:01,0.0542358688067,1.0,0
2011-07-18 03:00:01,0.0529631794272,1.0,0
2011-07-18 04:00:01,0.057367657723,1.0,0
2011-07-18 05:00:01,0.080813810111,1.0,0
2011-07-18 06:00:01,0.0828771384137,1.0,0
2011-07-18 07:00:01,0.098482428115,1.0,0
2011-07-18 08:00:01,0.133706720978,1.0,0
2011-07-18 09:00:01,0.125448504983,1.0,0
2011-07-18 10:00:01,0.112797202797,1.0,0
2011-07-18 11:00:01,0.133260869565,0.5775136880589327,0
2011-07-18 12:00:01,0.114242424242,1.0,0
2011-07-18 13:00:01,0.109731958763,1.0,0
2011-07-18 14:00:01,0.110627118644,1.0,0
2011-07-18 15:00:01,0.13235915493,1.0,0
2011-07-18 16:00:01,0.108308004053,0.8889084841544964,0
2011-07-18 17:00:01,0.112766934558,1.0,0
2011-07-18 18:00:01,0.0867071057192,1.0,0
2011-07-18 19:00:01,0.0666476624857,1.0,0
2011-07-18 20:00:01,0.0610063291139,1.0,0
2011-07-18 21:00:01,0.0633564814815,1.0,0
2011-07-18 22:00:01,0.0577608297743,1.0,0
2011-07-18 23:00:01,0.0592826221398,1.0,0
2011-07-19 00:00:01,0.058606557377,1.0,0
2011-07-19 01:00:01,0.060243902439,1.0,0
2011-07-19 02:00:01,0.0581115202525,1.0,0
2011-07-19 03:00:01,0.0536248012719,1.0,0
2011-07-19 04:00:01,0.0759214285714,1.0,0
2011-07-19 05:00:01,0.0956813819578,1.0,0
2011-07-19 06:00:01,0.145669456067,1.0,0
2011-07-19 07:00:01,0.0781401273885,0.0,0
2011-07-19 08:00:01,0.126855670103,1.0,0
2011-07-19 09:00:01,0.13587628866,0.852006149132776,0
2011-07-19 10:00:01,0.123628691983,0.7614052050599931,0
2011-07-19 11:00:01,0.11277992278,0.5839530643731192,0
2011-07-19 12:00:01,0.108265306122,0.0,0
2011-07-19 13:00:01,0.101017964072,0.5220421585431958,0
2011-07-19 14:00:01,0.119724310777,1.0,0
2011-07-19 15:00:01,0.105197740113,1.0,0
2011-07-19 16:00:01,0.104038997214,0.768768784747683,0
2011-07-19 17:00:01,0.0876279650437,1.0,0
2011-07-19 18:00:01,0.0786526122823,1.0,0
2011-07-19 19:00:01,0.0785493682733,1.0,0
2011-07-19 20:00:01,0.0720879940343,1.0,0
2011-07-19 21:00:01,0.069072079536,1.0,0
2011-07-19 22:00:01,0.0646453546454,1.0,0
2011-07-19 23:00:01,0.0581058328322,1.0,0
2011-07-20 00:00:01,0.0471131270011,1.0,0
2011-07-20 01:00:01,0.0470863683663,1.0,0
2011-07-20 02:00:01,0.0441111667501,1.0,0
2011-07-20 03:00:01,0.0398035363458,1.0,0
2011-07-20 04:00:01,0.0531552962298,1.0,0
2011-07-20 05:00:01,0.0831355181577,0.888652098310996,0
2011-07-20 06:00:01,0.0858263971463,1.0,0
2011-07-20 07:00:01,0.11486013986,1.0,0
2011-07-20 08:00:01,0.140924092409,1.0,0
2011-07-20 09:00:01,0.145905797101,1.0,0
2011-07-20 10:00:01,0.1198046875,0.7207292812566187,0
2011-07-20 11:00:01,0.105261324042,1.0,0
2011-07-20 12:00:01,0.114985163205,0.7536000215103261,0
2011-07-20 13:00:01,0.12178807947,1.0,0
2011-07-20 14:00:01,0.123,1.0,0
2011-07-20 15:00:01,0.101586666667,1.0,0
2011-07-20 16:00:01,0.105029069767,1.0,0
2011-07-20 17:00:01,0.0886812627291,1.0,0
2011-07-20 18:00:01,0.076380952381,0.5139467856175639,0
2011-07-20 19:00:01,0.0720992028344,1.0,0
2011-07-20 20:00:01,0.0846785486951,1.0,0
2011-07-20 21:00:01,0.086369168357,1.0,0
2011-07-20 22:00:01,0.0858272208639,1.0,0
2011-07-20 23:00:01,0.0881660899654,1.0,0
2011-07-21 00:00:01,0.0725509670674,1.0,0
2011-07-21 01:00:01,0.0504150702427,1.0,0
2011-07-21 02:00:01,0.0539956092206,1.0,0
2011-07-21 03:00:01,0.0498293891029,1.0,0
2011-07-21 04:00:01,0.0638204456094,0.791342194251986,0
2011-07-21 06:00:01,0.0896588235294,1.0,0
2011-07-21 07:00:01,0.0983348017621,1.0,0
2011-07-21 08:00:01,0.156194690265,0.7593087425887346,0
2011-07-21 09:00:01,0.113283018868,1.0,0
2011-07-21 10:00:01,0.121479289941,1.0,0
2011-07-21 11:00:01,0.117583333333,0.0005567932860294222,0
2011-07-21 12:00:01,0.1255754858,0.9687270008701989,0
2011-07-21 13:00:01,0.125865237366,0.9635541800311141,0
2011-07-21 14:00:01,0.129348230912,0.8981555552972834,0
2011-07-21 15:00:01,0.122638190955,0.8881313270271213,0
2011-07-21 16:00:01,0.102814070352,0.9800992008002548,0
2011-07-21 17:00:01,0.08875,0.9818858749752787,0
2011-07-21 18:00:01,0.0884564740307,0.968360529889481,0
2011-07-21 19:00:01,0.0861376146789,0.9478425578913848,0
2011-07-21 20:00:01,0.0786027190332,0.9926826360438129,0
2011-07-21 21:00:01,0.0796965317919,0.9596473930415144,0
2011-07-21 22:00:01,0.0731962761831,0.9678435594594446,0
2011-07-21 23:00:01,0.0628108465608,1.0,0
2011-07-22 00:00:01,0.057536,1.0,0
2011-07-22 01:00:01,0.0501960784314,0.5666677344204772,0
2011-07-22 02:00:01,0.0441025641026,0.898498808292213,0
2011-07-22 03:00:01,0.0395596330275,1.0,0
2011-07-22 04:00:01,0.0612002152853,0.7537199264875691,0
2011-07-22 05:00:01,0.0658501208703,1.0,0
2011-07-22 06:00:01,0.0704761904762,1.0,0
2011-07-22 07:00:01,0.0902773497689,1.0,0
2011-07-22 08:00:01,0.123726708075,0.8850021891509429,0
2011-07-22 09:00:01,0.125622119816,1.0,0
2011-07-22 10:00:01,0.122831460674,0.856304663254578,0
2011-07-22 11:00:01,0.10141955836,0.91643403676217,0
2011-07-22 12:00:01,0.114628820961,0.8534014745713576,0
2011-07-22 13:00:01,0.125454545455,0.826560350100133,0
2011-07-22 14:00:01,0.125721311475,0.7833451302575516,0
2011-07-22 15:00:01,0.117919191919,0.750704611850056,0
2011-07-22 16:00:01,0.108773784355,0.9323721132019196,0
2011-07-22 17:00:01,0.0938828202582,0.9679277241602123,0
2011-07-22 18:00:01,0.0868648648649,1.0,0
2011-07-22 19:00:01,0.0619215686275,0.9679252114716991,0
2011-07-22 20:00:01,0.0658013245033,0.9801322576271496,0
2011-07-22 21:00:01,0.0715577275504,0.924490701637741,0
2011-07-22 22:00:01,0.071060197664,0.9083420294551368,0
2011-07-22 23:00:01,0.0672566371681,0.9755166033940849,0
2011-07-23 00:00:01,0.0576546530393,0.9898970513017451,0
2011-07-23 01:00:01,0.0647784200385,0.9803963761505108,0
2011-07-23 02:00:01,0.0429639309984,0.9489779380156688,0
2011-07-23 03:00:01,0.0369493177388,1.0,0
2011-07-23 04:00:01,0.0667547633682,1.0,0
2011-07-23 05:00:01,0.0781133671743,1.0,0
2011-07-23 06:00:01,0.0569483101392,1.0,0
2011-07-23 07:00:01,0.087599469496,1.0,0
2011-07-23 08:00:01,0.128206521739,1.0,0
2011-07-23 09:00:01,0.123089770355,0.6754977398835298,0
2011-07-23 10:00:01,0.110472222222,0.9833488792831206,0
2011-07-23 11:00:01,0.118646616541,0.7674787275064376,0
2011-07-23 12:00:01,0.124588477366,0.7203864872320509,0
2011-07-23 13:00:01,0.117697478992,0.6907767185841407,0
2011-07-23 14:00:01,0.125595984944,0.6330820251239238,0
2011-07-23 15:00:01,0.112482690406,0.7253825841127652,0
2011-07-23 16:00:01,0.0839690301548,0.9750594741755322,0
2011-07-23 17:00:01,0.0694921583271,0.9883077442157676,0
2011-07-23 18:00:01,0.0620277953253,0.9359124142584069,0
2011-07-23 19:00:01,0.0605489260143,0.9850683949015704,0
2011-07-23 20:00:01,0.0551867219917,0.9443847719786236,0
2011-07-23 21:00:01,0.050596432553,0.9830708195300839,0
2011-07-23 22:00:01,0.0578482513337,0.919722686390397,0
2011-07-23 23:00:01,0.0493202416918,0.9891053607687089,0
2011-07-24 00:00:01,0.0517379958246,0.9677339314509233,0
2011-07-24 01:00:01,0.0433963202387,0.9790230914914722,0
2011-07-24 02:00:01,0.0352476572959,0.9839198302630945,0
2011-07-24 03:00:01,0.029256302521,0.0,0
2011-07-24 04:00:01,0.0570788614092,0.7797359080827666,0
2011-07-24 05:00:01,0.0647458628842,1.0,0
2011-07-24 06:00:01,0.0498529411765,1.0,0
2011-07-24 07:00:01,0.0787314017228,0.3544436868289128,0
2011-07-24 08:00:01,0.106375464684,1.0,0
2011-07-24 09:00:01,0.10786,0.9659062840921179,0
2011-07-24 10:00:01,0.111375358166,0.9391862709724988,0
2011-07-24 11:00:01,0.108213166144,0.9239616365012328,0
2011-07-24 12:00:01,0.104781144781,0.9150499605137945,0
2011-07-24 13:00:01,0.102242424242,0.8851041802020624,0
2011-07-24 14:00:01,0.136987087518,0.9873455228294208,0
2011-07-24 15:00:01,0.107728571429,0.9128398205089627,0
2011-07-24 16:00:01,0.081749837978,0.9847082243795762,0
2011-07-24 17:00:01,0.0739983713355,0.9875961493780976,0
2011-07-24 18:00:01,0.0703389830508,0.9663825162355988,0
2011-07-24 19:00:01,0.0576832018038,0.9340945046994482,0
2011-07-24 20:00:01,0.0548765432099,0.9901767694140575,0
2011-07-24 21:00:01,0.0514774417452,0.987104124470096,0
2011-07-24 22:00:01,0.0539698492462,0.9946638596127463,0
2011-07-24 23:00:01,0.0497205284553,0.9667705512151412,0
2011-07-25 00:00:01,0.0473873873874,0.9924964801573241,0
2011-07-25 01:00:01,0.0363285910968,0.9768181488853319,0
2011-07-25 02:00:01,0.0298359310911,0.9629453759371999,0
2011-07-25 03:00:01,0.0268430335097,1.0,0
2011-07-25 04:00:01,0.0470331753555,0.8927729168962183,0
2011-07-25 05:00:01,0.0762164750958,1.0,0
2011-07-25 06:00:01,0.06735,1.0,0
2011-07-25 07:00:01,0.0817728055077,0.931103061335273,0
2011-07-25 08:00:01,0.135342465753,0.517796384146179,0
2011-07-25 09:00:01,0.10347107438,0.860367194577984,0
2011-07-25 10:00:01,0.104528301887,0.9078190282371689,0
2011-07-25 11:00:01,0.110830188679,0.8499985566105744,0
2011-07-25 12:00:01,0.114666666667,0.7573219541762534,0
2011-07-25 13:00:01,0.115458715596,0.7615839978704513,0
2011-07-25 14:00:01,0.119266409266,0.7464780851147176,0
2011-07-25 15:00:01,0.122647058824,0.7607368401277717,0
2011-07-25 16:00:01,0.106795366795,0.7100730262426385,0
2011-07-25 17:00:01,0.0827593360996,0.9850303843116173,0
2011-07-25 18:00:01,0.0724266144814,0.9600048393370696,0
2011-07-25 19:00:01,0.0713251879699,0.9677667065750477,0
2011-07-25 20:00:01,0.063962529274,0.9859829759794235,0
2011-07-25 21:00:01,0.0686650185414,0.9841029726445937,0
2011-07-25 22:00:01,0.0754482323232,0.991768636685714,0
2011-07-25 23:00:01,0.0718975705844,0.9636966250683142,0
2011-07-26 00:00:01,0.0666692015209,0.9677074099644408,0
2011-07-26 01:00:01,0.0498381877023,0.9948950445307633,0
2011-07-26 02:00:01,0.0471448352257,0.9654259962335049,0
2011-07-26 03:00:01,0.041893349311,0.9859226092371725,0
2011-07-26 04:00:01,0.0506090863704,1.0,0
2011-07-26 05:00:01,0.0692014971928,0.9596228373112639,0
2011-07-26 06:00:01,0.0692014971928,0.9376306422685545,0
2011-07-26 07:00:01,0.0724771838331,0.9683990061624766,0
2011-07-26 08:00:01,0.137659090909,0.9942233838739234,0
2011-07-26 09:00:01,0.110408805031,0.8728511693204155,0
2011-07-26 10:00:01,0.115993589744,0.741895810756566,0
2011-07-26 11:00:01,0.105376712329,0.8571087156046884,0
2011-07-26 12:00:01,0.109313432836,0.8589718324121784,0
2011-07-26 13:00:01,0.0955578512397,0.9743978003954542,0
2011-07-26 14:00:01,0.115785498489,0.7155769465121168,0
2011-07-26 15:00:01,0.109773869347,0.8395068704462594,0
2011-07-26 16:00:01,0.0816580756014,0.9876706267382601,0
2011-07-26 17:00:01,0.0825984911987,0.957397286974345,0
2011-07-26 18:00:01,0.0901673640167,0.9934877640646378,0
2011-07-26 19:00:01,0.0776923076923,0.9903129833021136,0
2011-07-26 20:00:01,0.0674664224664,0.9643055335402729,0
2011-07-26 21:00:01,0.0651013941698,0.9725419698655439,0
2011-07-26 22:00:01,0.0701068376068,0.9572661643629097,0
2011-07-26 23:00:01,0.0780705543557,0.9700119336962697,0
2011-07-27 00:00:01,0.0710584752036,0.9262892385159416,0
2011-07-27 01:00:01,0.070609939759,0.9586883226678261,0
2011-07-27 02:00:01,0.0600668449198,0.9914260088151728,0
2011-07-27 03:00:01,0.0437102272727,0.9950646213931722,0
2011-07-27 04:00:01,0.0566702470462,0.953955681701092,0
2011-07-27 05:00:01,0.10780075188,0.853001736283407,0
2011-07-27 06:00:01,0.07596,0.9696520940924525,0
2011-07-27 07:00:01,0.0859259259259,0.9863798745442353,0
2011-07-27 08:00:01,0.124216589862,0.7798260669642839,0
2011-07-27 09:00:01,0.0986075949367,0.9868236574818997,0
2011-07-27 10:00:01,0.11397260274,0.5380936218375506,0
2011-07-27 11:00:01,0.118854625551,0.7587851448452283,0
2011-07-27 12:00:01,0.110099800399,0.8712879122386907,0
2011-07-27 13:00:01,0.114842657343,0.7446755095902664,0
2011-07-27 14:00:01,0.120839260313,0.7510675246979667,0
2011-07-27 15:00:01,0.11123880597,0.8624554925509028,0
2011-07-27 16:00:01,0.10975257732,0.8754580997368384,0
2011-07-27 17:00:01,0.104363207547,0.8414890650922715,0
2011-07-27 18:00:01,0.0920824881677,0.9939587729792246,0
2011-07-27 19:00:01,0.087886563133,0.9900091588504483,0
2011-07-27 20:00:01,0.0919845360825,0.9818040295348911,0
2011-07-27 21:00:01,0.0936326737697,0.9786985521539068,0
2011-07-27 22:00:01,0.104090189873,0.8302428993575104,0
2011-07-27 23:00:01,0.0873058082575,0.9770853442931573,0
2011-07-28 00:00:01,0.078776328987,0.9837855714304058,0
2011-07-28 01:00:01,0.0860120391272,0.9781168055085588,0
2011-07-28 02:00:01,0.074702467344,0.9774694897167161,0
2011-07-28 03:00:01,0.070370096225,0.9506359367762894,0
2011-07-28 04:00:01,0.0783658787256,0.9774590660264877,0
2011-07-28 05:00:01,0.110487421384,0.8544935323308869,0
2011-07-28 06:00:01,0.0803856041131,0.9686730177187278,0
2011-07-28 07:00:01,0.0619230769231,0.9751743623071256,0
2011-07-28 08:00:01,0.1198,0.7681701205491009,0
2011-07-28 09:00:01,0.113601398601,0.7818011410650447,0
2011-07-28 10:00:01,0.124456824513,0.7673591249819506,0
2011-07-28 11:00:01,0.107990074442,0.8334923858316236,0
2011-07-28 12:00:01,0.10199488491,0.8543053094954207,0
2011-07-28 13:00:01,0.104290780142,0.8101371704310772,0
2011-07-28 14:00:01,0.119104234528,0.773130613074366,0
2011-07-28 15:00:01,0.118211206897,0.7419408849170503,0
2011-07-28 16:00:01,0.118211206897,0.7532914546228311,0
2011-07-28 17:00:01,0.118211206897,0.736414750013614,0
2011-07-28 18:00:01,0.0885949110561,0.9897589176286421,0
2011-07-28 19:00:01,0.0801347449471,0.9586242907200441,0
2011-07-28 20:00:01,0.0899249374479,0.990408148993521,0
2011-07-28 21:00:01,0.0973896499239,0.988166928358886,0
2011-07-28 22:00:01,0.0805698005698,0.9379659930289357,0
2011-07-28 23:00:01,0.073049074819,0.9865234845571965,0
2011-07-29 00:00:01,0.0734753857458,0.9691698233706062,0
2011-07-29 01:00:01,0.0722496749025,0.950696088507189,0
2011-07-29 02:00:01,0.0732498394348,0.9532239331164343,0
2011-07-29 03:00:01,0.0676326129666,0.981220813190588,0
2011-07-29 04:00:01,0.0724244415243,0.9563747072432389,0
2011-07-29 05:00:01,0.0896695821186,0.9766459405176503,0
2011-07-29 06:00:01,0.0784363636364,0.955501354098481,0
2011-07-29 07:00:01,0.096213740458,0.9710739771872876,0
2011-07-29 08:00:01,0.156112311015,0.9802847199823101,0
2011-07-29 09:00:01,0.11890052356,0.7376573611371268,0
2011-07-29 10:00:01,0.132742857143,0.7523855221741538,0
2011-07-29 11:00:01,0.114931880109,0.7265352636656781,0
2011-07-29 12:00:01,0.128949880668,0.7220540543084444,0
2011-07-29 13:00:01,0.122662807525,0.7207077590136448,0
2011-07-29 14:00:01,0.117895953757,0.7405891874705406,0
2011-07-29 15:00:01,0.113000987167,0.7283198648791277,0
2011-07-29 16:00:01,0.0856885245902,0.9703672641822413,0
2011-07-29 17:00:01,0.0841629711752,0.9663766557063235,0
2011-07-29 18:00:01,0.0767937701396,0.9740930757611581,0
2011-07-29 19:00:01,0.0789443005181,0.9521618072877833,0
2011-07-29 20:00:01,0.0845344129555,0.9606228056379301,0
2011-07-29 21:00:01,0.0913032031593,0.9916176776272925,0
2011-07-29 22:00:01,0.0925146689019,0.982994190809012,0
2011-07-29 23:00:01,0.101165644172,0.8538278449150717,0
2011-07-30 00:00:01,0.0886551155116,0.9660722351085815,0
2011-07-30 01:00:01,0.0797572435395,0.947867081013721,0
2011-07-30 02:00:01,0.0728994544037,0.9505781970253305,0
2011-07-30 03:00:01,0.0740775780511,0.9626141586648045,0
2011-07-30 04:00:01,0.0722648238966,0.9466253424072406,0
2011-07-30 05:00:01,0.0683806818182,0.9760769867370762,0
2011-07-30 06:00:01,0.0948214285714,0.9680877274850608,0
2011-07-30 07:00:01,0.0938634046891,0.9622915998867843,0
2011-07-30 08:00:01,0.130261437908,0.731659691075073,0
2011-07-30 09:00:01,0.111311827957,0.8528729589528481,0
2011-07-30 10:00:01,0.0984196891192,0.9906432705791981,0
2011-07-30 11:00:01,0.116709265176,0.7683386795572286,0
2011-07-30 12:00:01,0.113532818533,0.7702907476122912,0
2011-07-30 13:00:01,0.125555555556,0.7268948851220334,0
2011-07-30 14:00:01,0.115386533666,0.7323943650404479,0
2011-07-30 15:00:01,0.1102342918,0.8530838174169976,0
2011-07-30 16:00:01,0.0929906542056,0.9980567052107681,0
2011-07-30 17:00:01,0.0869395348837,0.9825964152897676,0
2011-07-30 18:00:01,0.0907490864799,0.9724363074959146,0
2011-07-30 19:00:01,0.0838778311599,0.9612589917646506,0
2011-07-30 20:00:01,0.0804285714286,0.9429972515688243,0
2011-07-30 21:00:01,0.0788680555556,0.9344473205418098,0
2011-07-30 22:00:01,0.0821278089888,0.9684781901401295,0
2011-07-30 23:00:01,0.0842050520059,0.9544210327866086,0
2011-07-31 00:00:01,0.080601387818,0.9101827205858568,0
2011-07-31 01:00:01,0.0680497925311,0.9569304216956306,0
2011-07-31 02:00:01,0.0631529726119,0.9772088339815475,0
2011-07-31 03:00:01,0.0551472556894,0.9845365912790143,0
2011-07-31 04:00:01,0.0601333333333,0.9935793768395403,0
2011-07-31 05:00:01,0.0610477941176,0.9755558881078701,0
2011-07-31 06:00:01,0.0709155429383,0.9531287489334149,0
2011-07-31 07:00:01,0.083761682243,0.9673421244342081,0
2011-07-31 08:00:01,0.12181663837,0.7288265591909269,0
2011-07-31 09:00:01,0.118093841642,0.7467137128705621,0
2011-07-31 10:00:01,0.0936153846154,0.9878220649605473,0
2011-07-31 11:00:01,0.0994202898551,0.9928690973826463,0
2011-07-31 12:00:01,0.0964052287582,0.9617889573398002,0
2011-07-31 13:00:01,0.100709459459,0.8634183177858512,0
2011-07-31 14:00:01,0.115931034483,0.7423325954761675,0
2011-07-31 15:00:01,0.105705329154,0.8657367067910948,0
2011-07-31 16:00:01,0.103412969283,0.8522283569747893,0
2011-07-31 17:00:01,0.0962058823529,0.9466927337459496,0
2011-07-31 18:00:01,0.0869072948328,0.9884256302907399,0
2011-07-31 19:00:01,0.0886683209264,0.9812140089339657,0
2011-07-31 20:00:01,0.0852365930599,0.9535903980496071,0
2011-07-31 21:00:01,0.0830542986425,0.9524934262643476,0
2011-07-31 22:00:01,0.0863148788927,0.964977903616415,0
2011-07-31 23:00:01,0.0808888888889,0.9782085657284634,0
2011-08-01 00:00:01,0.0844655929722,0.9620948522861403,0
2011-08-01 01:00:01,0.0788088235294,0.9394630008432517,0
2011-08-01 02:00:01,0.0846559633028,0.9470645266953904,0
2011-08-01 03:00:01,0.0568824940048,0.9667720337180876,0
2011-08-01 04:00:01,0.0727328714396,0.9426926743444811,0
2011-08-01 05:00:01,0.0826939471441,0.9711365559761539,0
2011-08-01 06:00:01,0.084090382387,0.952297034519962,0
2011-08-01 07:00:01,0.0908172362556,0.9902144549038467,0
2011-08-01 08:00:01,0.135628865979,0.9984408944864313,0
2011-08-01 09:00:01,0.125981308411,0.7604279440305466,0
2011-08-01 10:00:01,0.121021505376,0.7454928804598435,0
2011-08-01 11:00:01,0.127050147493,0.7611198659394498,0
2011-08-01 12:00:01,0.105648854962,0.8511417756749662,0
2011-08-01 13:00:01,0.111731748727,0.7267017461032205,0
2011-08-01 14:00:01,0.11498392283,0.733138385011353,0
2011-08-01 15:00:01,0.112511415525,0.7592565475194648,0
2011-08-01 16:00:01,0.0994946808511,0.9882250539352371,0
2011-08-01 17:00:01,0.106244665718,0.8483649432813333,0
2011-08-01 18:00:01,0.0854833424358,0.9477045261515664,0
2011-08-01 19:00:01,0.0872797427653,0.9759133978453519,0
2011-08-01 20:00:01,0.0819312169312,0.9647358193721054,0
2011-08-01 21:00:01,0.0881,0.968264261994091,0
2011-08-01 22:00:01,0.0955753337572,0.9618594451247108,0
2011-08-01 23:00:01,0.0987902592302,0.9884882632486081,0
2011-08-02 00:00:01,0.0889931350114,0.965201349342153,0
2011-08-02 01:00:01,0.084732061762,0.9468950694144508,0
2011-08-02 02:00:01,0.0879424920128,0.9639840328974336,0
2011-08-02 03:00:01,0.0664155251142,0.984728878532149,0
2011-08-02 04:00:01,0.0831809145129,0.9514152266851618,0
2011-08-02 05:00:01,0.0926953125,0.9906343145049387,0
2011-08-02 06:00:01,0.0890781796966,0.9754110593381087,0
2011-08-02 07:00:01,0.116447166922,0.718526592038661,0
2011-08-02 08:00:01,0.150505050505,0.9910414983157472,0
2011-08-02 09:00:01,0.120997442455,0.7459803687124389,0
2011-08-02 10:00:01,0.12171641791,0.7291271971161903,0
2011-08-02 11:00:01,0.13024691358,0.7174028204519494,0
2011-08-02 12:00:01,0.12217032967,0.7232220907558102,0
2011-08-02 13:00:01,0.120845070423,0.7110629370885608,0
2011-08-02 14:00:01,0.137652671756,0.9929297669447069,0
2011-08-02 15:00:01,0.124419354839,0.7214179489525714,0
2011-08-02 16:00:01,0.119978448276,0.7377035079565494,0
2011-08-02 17:00:01,0.102033898305,0.8447825415510614,0
2011-08-02 18:00:01,0.0973706896552,0.995331355886412,0
2011-08-02 19:00:01,0.0990192791282,0.9945425535305294,0
2011-08-02 20:00:01,0.104033546326,0.8792952522405897,0
2011-08-02 21:00:01,0.103341483293,0.8616567494350211,0
2011-08-02 22:00:01,0.104043126685,0.8550649762185064,0
2011-08-02 23:00:01,0.0923657817109,0.9934893498402693,0
2011-08-03 00:00:01,0.0908755364807,0.9810297202912331,0
2011-08-03 01:00:01,0.0832804614275,0.9505679092795758,0
2011-08-03 02:00:01,0.0718162983425,0.972742827397307,0
2011-08-03 03:00:01,0.0641237113402,0.9884067475586128,0
2011-08-03 04:00:01,0.0730695970696,0.9590712487475529,0
2011-08-03 05:00:01,0.0877640203933,0.964020548103333,0
2011-08-03 06:00:01,0.0793930348259,0.9546777062537463,0
2011-08-03 07:00:01,0.113240310078,0.7164900804911094,0
2011-08-03 08:00:01,0.135289079229,0.7206910501237638,0
2011-08-03 09:00:01,0.140438596491,0.9838088317143782,0
2011-08-03 10:00:01,0.132291262136,0.7203121093663811,0
2011-08-03 11:00:01,0.0986138613861,0.997061053774769,0
2011-08-03 12:00:01,0.107055702918,0.7146969179884735,0
2011-08-03 13:00:01,0.122393320965,0.715233279861701,0
2011-08-03 14:00:01,0.118733974359,0.7058984837176032,0
2011-08-03 15:00:01,0.131208333333,0.7061817169657065,0
2011-08-03 16:00:01,0.120161137441,0.6850968710432551,0
2011-08-03 17:00:01,0.102637465051,0.8627715866640566,0
2011-08-03 18:00:01,0.0927382875606,0.9938178616191781,0
2011-08-03 19:00:01,0.110486641221,0.8692421279700399,0
2011-08-03 20:00:01,0.0917786561265,0.9928407359926396,0
2011-08-03 21:00:01,0.0896810631229,0.9732237918124811,0
2011-08-03 22:00:01,0.0854006586169,0.9511726125074785,0
2011-08-03 23:00:01,0.0681545998911,0.9759915460145532,0
2011-08-04 00:00:01,0.0555156537753,0.9862726377359223,0
2011-08-04 01:00:01,0.0530039700044,0.9824678797091198,0
2011-08-04 02:00:01,0.0474216027875,0.9919903197014275,0
2011-08-04 03:00:01,0.0435638051044,0.9949269967492079,0
2011-08-04 04:00:01,0.0628515815085,0.9735708532963696,0
2011-08-04 05:00:01,0.0907293354943,0.968386009965056,0
2011-08-04 06:00:01,0.079404641776,0.946692769011741,0
2011-08-04 07:00:01,0.124388254486,0.6857014504397467,0
2011-08-04 08:00:01,0.192708333333,0.9977058686565813,0
2011-08-04 09:00:01,0.155310880829,1.0,0
2011-08-04 10:00:01,0.11597826087,0.6709339026133866,0
2011-08-04 11:00:01,0.122092307692,0.711082083928676,0
2011-08-04 12:00:01,0.118666666667,0.6852122489191425,0
2011-08-04 13:00:01,0.114611398964,0.6668848165893277,0
2011-08-04 14:00:01,0.11694980695,0.6590529766904851,0
2011-08-04 15:00:01,0.111554663992,0.6772005325536083,0
2011-08-04 16:00:01,0.117184466019,0.6477974833117965,0
2011-08-04 17:00:01,0.107725080386,0.9622964991795152,0
2011-08-04 18:00:01,0.0907093292213,0.977044999652608,0
2011-08-04 19:00:01,0.0940831074977,0.9580826614420662,0
2011-08-04 20:00:01,0.0903178991016,0.9681070296373153,0
2011-08-04 21:00:01,0.0942023346304,0.9604926116044208,0
2011-08-04 22:00:01,0.0980128548473,0.9914354006806961,0
2011-08-04 23:00:01,0.0961186903138,0.9468438577255106,0
2011-08-05 00:00:01,0.083626707132,0.960264424491933,0
2011-08-05 01:00:01,0.0662049335863,0.9755160990258068,0
2011-08-05 02:00:01,0.0627621483376,0.9628540011360535,0
2011-08-05 03:00:01,0.0654652071931,0.9766164481985248,0
2011-08-05 04:00:01,0.0682556591212,0.9680946114808594,0
2011-08-05 05:00:01,0.108736462094,0.9585511411586509,0
2011-08-05 06:00:01,0.0956589147287,0.9385030544868767,0
2011-08-05 07:00:01,0.121594684385,0.6777574875456057,0
2011-08-05 08:00:01,0.169946808511,0.9873374457849177,0
2011-08-05 09:00:01,0.138291925466,0.6760048931168054,0
2011-08-05 10:00:01,0.122438162544,0.6570396393613497,0
2011-08-05 11:00:01,0.124915730337,0.664323427678581,0
2011-08-05 12:00:01,0.103655172414,0.9610581474199833,0
2011-08-05 13:00:01,0.120434782609,0.6522870258053755,0
2011-08-05 14:00:01,0.127615384615,0.6435277608037759,0
2011-08-05 15:00:01,0.116647398844,0.6762757314845713,0
2011-08-05 16:00:01,0.119007470651,0.6634665668053461,0
2011-08-05 17:00:01,0.123242753623,0.6360270037982911,0
2011-08-05 18:00:01,0.10378812199,0.9546681660657753,0
2011-08-05 19:00:01,0.103911671924,0.9525085939889537,0
2011-08-05 20:00:01,0.1031834404,0.9516912574247747,0
2011-08-05 21:00:01,0.0813955342903,0.9435911055448644,0
2011-08-05 22:00:01,0.0997409326425,0.9917808578160126,0
2011-08-05 23:00:01,0.0937476808905,0.9969732377965358,0
2011-08-06 00:00:01,0.0944382022472,0.9420095117234488,0
2011-08-06 01:00:01,0.0806839452844,0.9261038104436934,0
2011-08-06 02:00:01,0.0811759868421,0.9664275420209215,0
2011-08-06 03:00:01,0.079875,0.939359065700582,0
2011-08-06 04:00:01,0.101463607595,0.9517637394539978,0
2011-08-06 05:00:01,0.0946192528736,0.9537540876849052,0
2011-08-06 06:00:01,0.103779385172,0.9519153750126028,0
2011-08-06 07:00:01,0.131770833333,0.674608443178943,0
2011-08-06 08:00:01,0.164243902439,0.9923259016604156,0
2011-08-06 09:00:01,0.114065420561,0.6537011210459678,0
2011-08-06 10:00:01,0.097802690583,0.9914019498763764,0
2011-08-06 11:00:01,0.118575418994,0.6780861650369278,0
2011-08-06 12:00:01,0.144545454545,0.9812430635901033,0
2011-08-06 13:00:01,0.115585106383,0.6679789121020525,0
2011-08-06 14:00:01,0.138979865772,0.6776851402190583,0
2011-08-06 15:00:01,0.117599277978,0.6740895479880987,0
2011-08-06 16:00:01,0.127989556136,0.660017675444383,0
2011-08-06 17:00:01,0.11869047619,0.6526226405927817,0
2011-08-06 18:00:01,0.112857142857,0.6530719570816821,0
2011-08-06 19:00:01,0.104221105528,0.950945308434901,0
2011-08-06 20:00:01,0.110081300813,0.9364339678541438,0
2011-08-06 21:00:01,0.109489795918,0.9405162476452135,0
2011-08-06 22:00:01,0.132456320658,0.6551536656746919,0
2011-08-06 23:00:01,0.112317198764,0.6391581950078875,0
2011-08-07 00:00:01,0.0978862793572,0.9860085446975136,0
2011-08-07 01:00:01,0.0939727126806,0.9467998245025325,0
2011-08-07 02:00:01,0.0917095777549,0.9925128933314257,0
2011-08-07 03:00:01,0.08609375,0.9534741922908687,0
2011-08-07 04:00:01,0.0917391304348,0.9911853631759671,0
2011-08-07 05:00:01,0.0846818181818,0.9485372757526908,0
2011-08-07 06:00:01,0.0921988950276,0.9880466709602952,0
2011-08-07 07:00:01,0.137547169811,0.9830360873121251,0
2011-08-07 08:00:01,0.194764957265,0.9908069299240663,0
2011-08-07 09:00:01,0.137314578005,1.0,0
2011-08-07 10:00:01,0.123309178744,0.6581440371207361,0
2011-08-07 11:00:01,0.101875,0.9377894923514393,0
2011-08-07 12:00:01,0.113897810219,0.6597053246609785,0
2011-08-07 13:00:01,0.123737541528,0.6408752421978332,0
2011-08-07 14:00:01,0.125498533724,0.6464012512369404,0
2011-08-07 15:00:01,0.124308390023,0.631858756836128,0
2011-08-07 16:00:01,0.107933014354,0.9211524820863691,0
2011-08-07 17:00:01,0.114069050555,0.6607537807532133,0
2011-08-07 18:00:01,0.114200260078,0.6540278108452768,0
2011-08-07 19:00:01,0.115863921218,0.6526478098122678,0
2011-08-07 20:00:01,0.132262016965,0.6537047955799562,0
2011-08-07 21:00:01,0.0852321428571,0.9472867478842645,0
2011-08-07 22:00:01,0.085404040404,0.9662622866439047,0
2011-08-07 23:00:01,0.0957723577236,0.9437466066962406,0
2011-08-08 00:00:01,0.0809021406728,0.9701770965755617,0
2011-08-08 01:00:01,0.0813665086888,0.9264704234947517,0
2011-08-08 02:00:01,0.0686845549738,0.9754874185533857,0
2011-08-08 03:00:01,0.06375,0.9811770580569402,0
2011-08-08 04:00:01,0.0718086419753,0.9676860752402556,0
2011-08-08 05:00:01,0.0990780141844,0.988294936993524,0
2011-08-08 06:00:01,0.101891891892,0.9207682218600178,0
2011-08-08 07:00:01,0.131940594059,0.6431652500353505,0
2011-08-08 08:00:01,0.198534031414,0.9963638026113559,0
2011-08-08 09:00:01,0.131197411003,1.0,0
2011-08-08 10:00:01,0.135933333333,0.9805419196943689,0
2011-08-08 11:00:01,0.137407407407,0.9887444160022419,0
2011-08-08 12:00:01,0.135081081081,0.6214527081139615,0
2011-08-08 13:00:01,0.127449799197,0.6436413032472579,0
2011-08-08 14:00:01,0.134806547619,0.6356088556046393,0
2011-08-08 15:00:01,0.146736292428,0.9800998145935871,0
2011-08-08 16:00:01,0.140640732265,0.631305405039774,0
2011-08-08 17:00:01,0.124901639344,0.6177865204065509,0
2011-08-08 19:00:01,0.107754940711,0.9335481704781984,0
2011-08-08 20:00:01,0.0973099801718,0.9917706420246692,0
2011-08-08 21:00:01,0.105857445307,0.9321967132410437,0
2011-08-08 22:00:01,0.104513274336,0.9259216421377199,0
2011-08-08 23:00:01,0.0998374558304,0.9940091133346992,0
2011-08-09 00:00:01,0.0816804822909,0.9623609033275194,0
2011-08-09 01:00:01,0.0678761061947,0.9748555645434592,0
2011-08-09 02:00:01,0.0752766639936,0.9720901611132373,0
2011-08-09 03:00:01,0.0670263591433,0.9644227511037614,0
2011-08-09 04:00:01,0.079624920534,0.9414503495852592,0
2011-08-09 05:00:01,0.088817264574,0.9671509955722682,0
2011-08-09 06:00:01,0.0894524119948,0.9773477684835942,0
2011-08-09 07:00:01,0.110949913644,0.9250992536933778,0
2011-08-09 08:00:01,0.184171428571,0.9840593789213442,0
2011-08-09 09:00:01,0.126060606061,0.6325639990759331,0
2011-08-09 10:00:01,0.122429022082,0.6356840143015174,0
2011-08-09 11:00:01,0.113667711599,0.6270517104581905,0
2011-08-09 12:00:01,0.12118902439,0.6431103721497471,0
2011-08-09 13:00:01,0.120177304965,0.6361839427590412,0
2011-08-09 14:00:01,0.126299212598,0.6321381793192619,0
2011-08-09 15:00:01,0.160228136882,0.9771173793487848,0
2011-08-09 16:00:01,0.130101180438,0.6583080275924533,0
2011-08-09 17:00:01,0.132857142857,0.6298754493832162,0
2011-08-09 18:00:01,0.106023657871,0.9281299496902198,0
2011-08-09 19:00:01,0.109564902103,0.9220408270789663,0
2011-08-09 20:00:01,0.112048293089,0.8898527694616523,0
2011-08-09 21:00:01,0.109079847909,0.919950928804548,0
2011-08-09 22:00:01,0.108366935484,0.9209205602547675,0
2011-08-09 23:00:01,0.0944126738794,0.9484089007898808,0
2011-08-10 00:00:01,0.0868382352941,0.9764886919059191,0
2011-08-10 01:00:01,0.0871462264151,0.9650792058816944,0
2011-08-10 02:00:01,0.0835324107793,0.9563825447508357,0
2011-08-10 03:00:01,0.0797773654917,0.9327186374418444,0
2011-08-10 04:00:01,0.0870853573907,0.9575341039794133,0
2011-08-10 05:00:01,0.107430962343,0.6277929093976617,0
2011-08-10 06:00:01,0.103407572383,0.9130944404825008,0
2011-08-10 07:00:01,0.131053763441,0.6435402019094534,0
2011-08-10 08:00:01,0.149262820513,0.9862254155451443,0
2011-08-10 09:00:01,0.149195804196,0.9802629948265082,0
2011-08-10 10:00:01,0.116387096774,0.6136615547158198,0
2011-08-10 11:00:01,0.133109243697,0.6334938196454345,0
2011-08-10 12:00:01,0.113486973948,0.6175708356387549,0
2011-08-10 13:00:01,0.134677419355,0.6204686350851636,0
2011-08-10 14:00:01,0.13365159129,0.6333003123275395,0
2011-08-10 15:00:01,0.162853025937,0.9832604511834278,0
2011-08-10 17:00:01,0.129087837838,0.6179053508481018,0
2011-08-10 18:00:01,0.129151061174,0.6269916252891414,0
2011-08-10 19:00:01,0.0959275452842,0.9585721397885769,0
2011-08-10 20:00:01,0.120016652789,0.6581468863631943,0
2011-08-10 21:00:01,0.139963099631,0.9778613289263001,0
2011-08-10 22:00:01,0.1335,0.615159897377326,0
2011-08-10 23:00:01,0.11544,0.6284417967036343,0
2011-08-11 00:00:01,0.0934608208955,0.9523289234409161,0
2011-08-11 01:00:01,0.100648648649,0.9123699452630875,0
2011-08-11 02:00:01,0.0751342281879,0.9774049454240453,0
2011-08-11 03:00:01,0.0717509481669,0.9870735152394463,0
2011-08-11 04:00:01,0.0848198198198,0.9613240337534535,0
2011-08-11 05:00:01,0.0985912823752,0.9918198238219791,0
2011-08-11 06:00:01,0.111722365039,0.6270613570856972,0
2011-08-11 07:00:01,0.144885931559,0.9783237423371262,0
2011-08-11 08:00:01,0.158951310861,0.9812208073349051,0
2011-08-11 09:00:01,0.168668341709,0.9863336156537407,0
2011-08-11 10:00:01,0.153682170543,0.9730427705836533,0
2011-08-11 11:00:01,0.12256281407,0.6398909897088259,0
2011-08-11 12:00:01,0.151400437637,0.9793560680568034,0
2011-08-11 13:00:01,0.136942675159,0.9779740290308745,0
2011-08-11 14:00:01,0.129286498353,0.6188628295898844,0
2011-08-11 15:00:01,0.116570477248,0.6161487128833623,0
2011-08-11 16:00:01,0.100236486486,0.9094452535978176,0
2011-08-11 17:00:01,0.132017857143,0.6357563195136204,0
2011-08-11 18:00:01,0.121481481481,0.611704691278272,0
2011-08-11 19:00:01,0.117148626817,0.5872771617677054,0
2011-08-11 20:00:01,0.0993429158111,0.9932716047663851,0
2011-08-11 21:00:01,0.0867046718576,0.9663808759206327,0
2011-08-11 22:00:01,0.101101137044,0.9070575292491934,0
2011-08-11 23:00:01,0.0985993485342,0.9862496046883313,0
2011-08-12 00:00:01,0.0790524534687,0.9410110895320402,0
2011-08-12 01:00:01,0.0890992767916,0.9832375902098981,0
2011-08-12 02:00:01,0.0801247537754,0.9322277347999511,0
2011-08-12 03:00:01,0.0816735112936,0.9794938911835253,0
2011-08-12 04:00:01,0.108480420807,0.9077155428966281,0
2011-08-12 05:00:01,0.123552123552,0.6140688158053911,0
2011-08-12 06:00:01,0.123780864198,0.6312923345803729,0
2011-08-12 07:00:01,0.154623955432,0.9821184977494642,0
2011-08-12 08:00:01,0.218536121673,0.9911407759860132,0
2011-08-12 09:00:01,0.174148148148,1.0,0
2011-08-12 10:00:01,0.139515151515,0.978206798771019,0
2011-08-12 11:00:01,0.144714714715,0.9791201958258621,0
2011-08-12 12:00:01,0.130277777778,0.6015339838474352,0
2011-08-12 13:00:01,0.164316831683,0.9817191924049122,0
2011-08-12 14:00:01,0.146094364351,0.9770315689552503,0
2011-08-12 15:00:01,0.15875491481,0.9769671009473964,0
2011-08-12 16:00:01,0.137076271186,0.9711340726232583,0
2011-08-12 17:00:01,0.117378723404,0.5977089501008814,0
2011-08-12 18:00:01,0.112778702163,0.6000397714331149,0
2011-08-12 19:00:01,0.140034423408,0.9720997771796378,0
2011-08-12 20:00:01,0.127083333333,0.6363839545425196,0
2011-08-12 21:00:01,0.103282647585,0.9061799684123982,0
2011-08-12 22:00:01,0.0950205930807,0.9490294907915143,0
2011-08-12 23:00:01,0.114839491217,0.6242254567677578,0
2011-08-13 00:00:01,0.111620400258,0.9123083505240712,0
2011-08-13 01:00:01,0.115210150674,0.609668035594586,0
2011-08-13 02:00:01,0.0884778292522,0.9793692340124298,0
2011-08-13 03:00:01,0.0781188118812,0.9817499761826989,0
2011-08-13 04:00:01,0.0926106770833,0.9824032933304121,0
2011-08-13 05:00:01,0.105254452926,0.9058908858719881,0
2011-08-13 06:00:01,0.147014084507,0.9594284835369407,0
2011-08-13 07:00:01,0.184960526316,0.9945864853270778,0
2011-08-13 08:00:01,0.200205338809,0.9923794649818631,0
2011-08-13 09:00:01,0.16768707483,0.9968802223416122,0
2011-08-13 10:00:01,0.143217158177,0.972874394161202,0
2011-08-13 11:00:01,0.128606965174,0.6180637166707911,0
2011-08-13 12:00:01,0.176341463415,0.9949303593032349,0
2011-08-13 13:00:01,0.190699844479,0.9891896508398672,0
2011-08-13 14:00:01,0.207095490716,0.9864459539724635,0
2011-08-13 15:00:01,0.170642303433,0.9816750422532263,0
2011-08-13 16:00:01,0.166080956762,0.9655440472853528,0
2011-08-13 17:00:01,0.140209339775,0.6284020689979122,0
2011-08-13 18:00:01,0.121964285714,0.6363264820939526,0
2011-08-13 19:00:01,0.121059288538,0.6210797793985001,0
2011-08-13 20:00:01,0.111311258278,0.902110420686787,0
2011-08-13 21:00:01,0.105853485064,0.8985264006865765,0
2011-08-13 22:00:01,0.0939015904573,0.9491803349470744,0
2011-08-13 23:00:01,0.0974674220963,0.9842915498337099,0
2011-08-14 00:00:01,0.103974603175,0.9046825996512651,0
2011-08-14 01:00:01,0.100102880658,0.8912882220255892,0
2011-08-14 02:00:01,0.0934496124031,0.9895089533407692,0
2011-08-14 03:00:01,0.0931725768322,0.9284869835712828,0
2011-08-14 04:00:01,0.101034282394,0.8846689735414828,0
2011-08-14 05:00:01,0.123640988372,0.6173798595653404,0
2011-08-14 06:00:01,0.168444444444,0.9800858847314604,0
2011-08-14 07:00:01,0.191602465331,0.9874342071989056,0
2011-08-14 08:00:01,0.177750556793,0.9874233968687467,0
2011-08-14 09:00:01,0.13620596206,0.9803447010290468,0
2011-08-14 10:00:01,0.131743486974,0.6163580027448855,0
2011-08-14 11:00:01,0.1367003367,0.9834371426165046,0
2011-08-14 12:00:01,0.135974499089,0.6185819412759908,0
2011-08-14 13:00:01,0.153161875946,0.9811958854866523,0
2011-08-14 14:00:01,0.176701183432,0.9796767374455281,0
2011-08-14 15:00:01,0.149260739261,0.9856385670767605,0
2011-08-14 16:00:01,0.140222793488,0.6229595402036638,0
2011-08-14 17:00:01,0.123384879725,0.6179362131330315,0
2011-08-14 18:00:01,0.113982056591,0.6104472591490074,0
2011-08-14 19:00:01,0.102060857538,0.8864364902248768,0
2011-08-14 20:00:01,0.0899290780142,0.9809025951980862,0
2011-08-14 21:00:01,0.1030813618,0.9000950940049721,0
2011-08-14 22:00:01,0.115312,0.602877365726696,0
2011-08-14 23:00:01,0.0971056439942,0.9897930225977919,0
2011-08-15 00:00:01,0.0887619047619,0.9778253271067046,0
2011-08-15 01:00:01,0.0767574059247,0.9843513265692174,0
2011-08-15 02:00:01,0.0635458409229,0.9838761971678828,0
2011-08-15 03:00:01,0.0615452688904,0.980839873943206,0
2011-08-15 04:00:01,0.0844965034965,0.9590238774233877,0
2011-08-15 05:00:01,0.125080416272,0.6449119290333755,0
2011-08-15 06:00:01,0.152823529412,0.9775151970264802,0
2011-08-15 07:00:01,0.160897435897,0.9769293387460564,0
2011-08-15 08:00:01,0.208504464286,0.9840669628784745,0
2011-08-15 09:00:01,0.159442622951,0.9722771519771389,0
2011-08-15 10:00:01,0.126083333333,0.6334186777115395,0
2011-08-15 11:00:01,0.147287066246,0.9693812679576612,0
2011-08-15 12:00:01,0.13907275321,0.6285505291343347,0
2011-08-15 13:00:01,0.152277580071,0.9728132798097305,0
2011-08-15 14:00:01,0.175957820738,0.9814474115396988,0
2011-08-15 15:00:01,0.172835595777,0.9833448867568835,0
2011-08-15 16:00:01,0.15900990099,0.9713997752668025,0
2011-08-15 17:00:01,0.145223880597,0.9741725490660851,0
2011-08-15 18:00:01,0.149354518371,0.9740921504878942,0
2011-08-15 19:00:01,0.131401693321,0.6217302863648029,0
2011-08-15 20:00:01,0.124854288093,0.6170569598117538,0
2011-08-15 21:00:01,0.120876451954,0.6199518276722227,0
2011-08-16 00:00:01,0.112879852126,0.6355492401511404,0
2011-08-16 01:00:01,0.0948547717842,0.946799918283495,0
2011-08-16 02:00:01,0.07600505689,0.9874808493252749,0
2011-08-16 03:00:01,0.0601774785802,0.9955236851520356,0
2011-08-16 04:00:01,0.0721493506494,0.9839527441323368,0
2011-08-16 05:00:01,0.109337016575,0.9059411092215399,0
2011-08-16 06:00:01,0.12738045738,0.6302526792769194,0
2011-08-16 07:00:01,0.180516795866,0.9755679195133813,0
2011-08-16 08:00:01,0.175753424658,0.9694421306743481,0
2011-08-16 09:00:01,0.144705882353,0.9692975174984667,0
2011-08-16 10:00:01,0.139488054608,0.6191667309022184,0
2011-08-16 11:00:01,0.156717325228,0.9702746016560245,0
2011-08-16 12:00:01,0.156968911917,0.9587206409412847,0
2011-08-16 13:00:01,0.173802281369,0.9729298037730142,0
2011-08-16 14:00:01,0.195833333333,0.9661176119863439,0
2011-08-16 15:00:01,0.159928315412,0.9660479975374971,0
2011-08-16 16:00:01,0.156680555556,0.9676571392521011,0
2011-08-16 17:00:01,0.130603732162,0.6167531333980203,0
2011-08-16 18:00:01,0.120630541872,0.624725081687861,0
2011-08-16 19:00:01,0.117578194817,0.6055706044559299,0
2011-08-16 20:00:01,0.100228855721,0.9004062545046029,0
2011-08-16 21:00:01,0.110859774821,0.9056009574309588,0
2011-08-16 22:00:01,0.100555972953,0.8954582414174793,0
2011-08-16 23:00:01,0.0928300609343,0.9913187504720148,0
2011-08-17 00:00:01,0.0887169312169,0.9759160860610796,0
2011-08-17 01:00:01,0.0751711026616,0.9740676119633881,0
2011-08-17 02:00:01,0.0671932299013,0.9785952194357376,0
2011-08-17 03:00:01,0.0569876453488,0.9876558676000863,0
2011-08-17 04:00:01,0.0739644970414,0.9710529665792395,0
2011-08-17 05:00:01,0.0940488656195,0.9423444435279474,0
2011-08-17 06:00:01,0.0884420289855,0.9613746209552494,0
2011-08-17 07:00:01,0.119948275862,0.623791511652461,0
2011-08-17 08:00:01,0.135165394402,0.625770330098908,0
2011-08-17 09:00:01,0.128560411311,0.6151691870704614,0
2011-08-17 10:00:01,0.12003236246,0.6085477180315777,0
2011-08-17 11:00:01,0.116625,0.6286244191356822,0
2011-08-17 12:00:01,0.115021276596,0.6126105424975415,0
2011-08-17 13:00:01,0.124337152209,0.6306767216808291,0
2011-08-17 14:00:01,0.110400972053,0.8859951546229168,0
2011-08-17 15:00:01,0.148208409506,0.9732106220847903,0
2011-08-17 16:00:01,0.146277890467,0.9722785905042778,0
2011-08-17 17:00:01,0.110632911392,0.8805894342884042,0
2011-08-17 18:00:01,0.129878721058,0.6245789611162231,0
2011-08-17 19:00:01,0.107172489083,0.8948175114471449,0
2011-08-17 20:00:01,0.109739130435,0.8855733540890427,0
2011-08-17 21:00:01,0.102514619883,0.8827802622128593,0
2011-08-17 22:00:01,0.0949129852744,0.9478575022702156,0
2011-08-17 23:00:01,0.0821228615863,0.9766550329411612,0
2011-08-18 00:00:01,0.0739106901218,0.9754398787415373,0
2011-08-18 01:00:01,0.0707963246554,0.9825084876448947,0
2011-08-18 02:00:01,0.0606611570248,0.9961251554991766,0
2011-08-18 03:00:01,0.0442401392111,0.9913360138901655,0
2011-08-18 04:00:01,0.0616063675832,0.9782684784120567,0
2011-08-18 05:00:01,0.0953426248548,0.9357613454833729,0
2011-08-18 06:00:01,0.0802471169687,0.9483380134029864,0
2011-08-18 07:00:01,0.139586563307,0.6331844248150165,0
2011-08-18 08:00:01,0.172919463087,0.9706406495101743,0
2011-08-18 09:00:01,0.145015772871,0.9663264690922853,0
2011-08-18 10:00:01,0.152935153584,0.9698902332553522,0
2011-08-18 11:00:01,0.126653846154,0.6140805426941793,0
2011-08-18 12:00:01,0.134631578947,0.6162702088602183,0
2011-08-18 13:00:01,0.139772296015,0.9668607249521286,0
2011-08-18 14:00:01,0.156115384615,0.9710678960069938,0
2011-08-18 15:00:01,0.161610429448,0.9730093050356696,0
2011-08-18 16:00:01,0.142340136054,0.9661895978738789,0
2011-08-18 17:00:01,0.124217758985,0.6276543412752258,0
2011-08-18 18:00:01,0.112732502397,0.6216664241819608,0
2011-08-18 19:00:01,0.109907407407,0.8822765980404478,0
2011-08-18 20:00:01,0.103028301887,0.8921615890017538,0
2011-08-18 21:00:01,0.108101265823,0.8894979261002405,0
2011-08-18 22:00:01,0.109340101523,0.8796476376504077,0
2011-08-18 23:00:01,0.0928143133462,0.9922605401266171,0
2011-08-19 00:00:01,0.0860546875,0.9620682046288709,0
2011-08-19 01:00:01,0.0710621468927,0.9806641411663825,0
2011-08-19 02:00:01,0.0732460447354,0.97468024570178,0
2011-08-19 03:00:01,0.0536189747513,0.9948055081085692,0
2011-08-19 04:00:01,0.0822508038585,0.9714681969936096,0
2011-08-19 05:00:01,0.094796030871,0.9404866684528093,0
2011-08-19 06:00:01,0.0969190140845,0.9538880464252314,0
2011-08-19 07:00:01,0.144830699774,0.9675305687147454,0
2011-08-19 08:00:01,0.174155844156,0.9767044259944182,0
2011-08-19 09:00:01,0.151114369501,0.971472010463123,0
2011-08-19 10:00:01,0.152806324111,0.9701729380155013,0
2011-08-19 11:00:01,0.146851311953,0.9674906132128955,0
2011-08-19 12:00:01,0.16219858156,0.9645482245481084,0
2011-08-19 13:00:01,0.18921875,0.9665830143521827,0
2011-08-19 14:00:01,0.157520242915,0.9729009534506111,0
2011-08-19 15:00:01,0.158472584856,0.9743691365946873,0
2011-08-19 16:00:01,0.13572815534,0.9653114338880201,0
2011-08-19 17:00:01,0.101354420114,0.8845871499842229,0
2011-08-19 18:00:01,0.10043381535,0.8864059252182037,0
2011-08-19 19:00:01,0.113808016878,0.6399061373217763,0
2011-08-19 20:00:01,0.104941176471,0.8598175073316596,0
2011-08-19 21:00:01,0.0976577840112,0.989432801617561,0
2011-08-19 22:00:01,0.101288951841,0.886675072109253,0
2011-08-19 23:00:01,0.0807769145394,0.9735724698929418,0
2011-08-20 00:00:01,0.0770080321285,0.9854568797113316,0
2011-08-20 01:00:01,0.0724773834377,0.9709453689518918,0
2011-08-20 02:00:01,0.0632070707071,0.9748789416087884,0
2011-08-20 03:00:01,0.0492577224527,0.9957122015496187,0
2011-08-20 04:00:01,0.0694444444444,0.9858711961941277,0
2011-08-20 05:00:01,0.111746183206,0.8702373086695749,0
2011-08-20 06:00:01,0.0953485064011,0.9442402572107529,0
2011-08-20 07:00:01,0.13880866426,0.6454654010472096,0
2011-08-20 08:00:01,0.158722891566,0.9697986902227205,0
2011-08-20 09:00:01,0.142033333333,0.9718169857133817,0
2011-08-20 10:00:01,0.118189415042,0.6427821396812161,0
2011-08-20 11:00:01,0.123484848485,0.6343734698492369,0
2011-08-20 12:00:01,0.155338983051,0.9724479945262838,0
2011-08-20 13:00:01,0.171588132635,0.9726918110377925,0
2011-08-20 14:00:01,0.154665757162,0.9627925157391569,0
2011-08-20 15:00:01,0.144744897959,0.9688015265296643,0
2011-08-20 16:00:01,0.142985409652,0.9665388768619319,0
2011-08-20 17:00:01,0.101298157454,0.8947441978479306,0
2011-08-20 18:00:01,0.0898817567568,0.9803832705384319,0
2011-08-20 19:00:01,0.0887995198079,0.9746829274867921,0
2011-08-20 20:00:01,0.0915183946488,0.9944619321139028,0
2011-08-20 21:00:01,0.088203125,0.9661604852250261,0
2011-08-20 22:00:01,0.0940313111546,0.9472963747317731,0
2011-08-20 23:00:01,0.0947100802855,0.9363739599758683,0
2011-08-21 00:00:01,0.0783,0.9838680161462389,0
2011-08-21 01:00:01,0.0807470049331,0.9514489746404867,0
2011-08-21 02:00:01,0.0641913439636,0.979944363728658,0
2011-08-21 03:00:01,0.0538818565401,0.9925014383109094,0
2011-08-21 04:00:01,0.0753577106518,0.9658775792388378,0
2011-08-21 05:00:01,0.115963203463,0.6556436787625599,0
2011-08-21 06:00:01,0.0939847715736,0.9358219359393092,0
2011-08-21 07:00:01,0.137370242215,0.9631694746971187,0
2011-08-21 08:00:01,0.171899109792,0.9599969889543033,0
2011-08-21 09:00:01,0.134024640657,0.6362784481444864,0
2011-08-21 10:00:01,0.116201780415,0.6223777811869124,0
2011-08-21 11:00:01,0.111481481481,0.8806710126291095,0
2011-08-21 12:00:01,0.121878172589,0.657607391867636,0
2011-08-21 13:00:01,0.121111111111,0.6308367111869068,0
2011-08-21 14:00:01,0.127411067194,0.6279563407948523,0
2011-08-21 15:00:01,0.129568014706,0.636395555487618,0
2011-08-21 16:00:01,0.113125,0.6466060373906297,0
2011-08-21 17:00:01,0.091846419327,0.992086801326908,0
2011-08-21 18:00:01,0.083811023622,0.9641679899137632,0
2011-08-21 19:00:01,0.0901892744479,0.9741115799234502,0
2011-08-21 20:00:01,0.0848633440514,0.9597632945667511,0
2011-08-21 21:00:01,0.0827652733119,0.9706236817357532,0
2011-08-21 22:00:01,0.0729182295574,0.9641974795497897,0
2011-08-21 23:00:01,0.0687188019967,0.9674092799335254,0
2011-08-22 00:00:01,0.0652910512598,0.9810246205719084,0
2011-08-22 01:00:01,0.0597656744775,0.9968834952047109,0
2011-08-22 02:00:01,0.0489229720518,0.9962282398451366,0
2011-08-22 03:00:01,0.0477128782548,0.9891431869231172,0
2011-08-22 04:00:01,0.0638228438228,0.9828982146666545,0
2011-08-22 05:00:01,0.103051702396,0.8884628016525548,0
2011-08-22 06:00:01,0.0895652173913,0.9817926088683888,0
2011-08-22 07:00:01,0.124128440367,0.6411255286702906,0
2011-08-22 08:00:01,0.215017421603,0.9898309637479042,0
2011-08-22 09:00:01,0.154131274131,0.9595764004481575,0
2011-08-22 10:00:01,0.151511111111,0.9500592016011002,0
2011-08-22 11:00:01,0.129569230769,0.6422673940145145,0
2011-08-22 12:00:01,0.137255369928,0.9585389810807007,0
2011-08-22 13:00:01,0.141398305085,0.9583268378845373,0
2011-08-22 14:00:01,0.127036395147,0.6167152643289424,0
2011-08-22 15:00:01,0.144790528233,0.9651099220795335,0
2011-08-22 16:00:01,0.117414880202,0.6364815280423461,0
2011-08-22 17:00:01,0.118756157635,0.6604984783630354,0
2011-08-22 18:00:01,0.119006309148,0.6231173780027994,0
2011-08-22 19:00:01,0.113553859203,0.6284895230656316,0
2011-08-22 20:00:01,0.0979017857143,0.986801778096044,0
2011-08-22 21:00:01,0.10843902439,0.8722286719819817,0
2011-08-22 22:00:01,0.0995095948827,0.9902826828365094,0
2011-08-22 23:00:01,0.0754669887279,0.9851836112102818,0
2011-08-23 00:00:01,0.0701578947368,0.9810092864688718,0
2011-08-23 01:00:01,0.0633381088825,0.977178681248112,0
2011-08-23 02:00:01,0.0578227245687,0.9873549406460004,0
2011-08-23 03:00:01,0.054068914956,0.9932612525788502,0
2011-08-23 04:00:01,0.0800538116592,0.9580786745639193,0
2011-08-23 05:00:01,0.0942072409488,0.9495966661212264,0
2011-08-23 06:00:01,0.110804347826,0.883217859091167,0
2011-08-23 07:00:01,0.141096605744,0.6525441721762144,0
2011-08-23 08:00:01,0.211731601732,0.9891576184971048,0
2011-08-23 09:00:01,0.181084337349,0.9675261972363227,0
2011-08-23 10:00:01,0.158333333333,0.9586271163128689,0
2011-08-23 11:00:01,0.128907563025,0.6369593309603714,0
2011-08-23 12:00:01,0.116029411765,0.6378544596224778,0
2011-08-23 13:00:01,0.120865800866,0.6396189200216149,0
2011-08-23 14:00:01,0.133739130435,0.6279684669381558,0
2011-08-23 15:00:01,0.143019480519,0.9537480944578026,0
2011-08-23 16:00:01,0.12492286115,0.6310895556011612,0
2011-08-23 17:00:01,0.105073529412,0.8769249775563797,0
2011-08-23 18:00:01,0.0983081155433,0.9916721944373341,0
2011-08-23 19:00:01,0.0931699687174,0.9394584276429443,0
2011-08-23 20:00:01,0.0918820224719,0.9888311764270524,0
2011-08-23 21:00:01,0.0894471387003,0.981688613637596,0
2011-08-23 22:00:01,0.102030360531,0.8736397463346343,0
2011-08-23 23:00:01,0.0903076923077,0.976454179403611,0
2011-08-24 00:00:01,0.1046875,0.8809101242237909,0
2011-08-24 01:00:01,0.0749254226052,0.9724423745832808,0
2011-08-24 02:00:01,0.0649182561308,0.9793505655892004,0
2011-08-24 03:00:01,0.0571681415929,0.9872691391602634,0
2011-08-24 04:00:01,0.0727165775401,0.9825837898726243,0
2011-08-24 05:00:01,0.0925959780622,0.9926804067949121,0
2011-08-24 06:00:01,0.107063492063,0.8727849397029732,0
2011-08-24 07:00:01,0.140641891892,0.9651362715670422,0
2011-08-24 08:00:01,0.197115384615,0.9676846984039961,0
2011-08-24 09:00:01,0.191169590643,0.9706994693982642,0
2011-08-24 10:00:01,0.103025477707,0.8650602163236308,0
2011-08-24 11:00:01,0.134267515924,0.6438320725126432,0
2011-08-24 12:00:01,0.13125,0.6500890652469198,0
2011-08-24 12:00:01,0.119452887538,0.6295285255896647,0
2011-08-24 13:00:01,0.142298578199,0.9619545238200892,0
2011-08-24 14:00:01,0.121895424837,0.6468442357212139,0
2011-08-24 15:00:01,0.128388791594,0.6423688173795795,0
2011-08-24 16:00:01,0.107593880389,0.8799476004208776,0
2011-08-24 17:00:01,0.134992967651,0.630338451963995,0
2011-08-24 18:00:01,0.137509247842,0.6370727810413557,0
2011-08-24 19:00:01,0.118355995056,0.6553503715628443,0
2011-08-24 20:00:01,0.0995682613769,0.9936447668804028,0
2011-08-24 21:00:01,0.100749711649,0.8744972626586434,0
2011-08-24 22:00:01,0.0836117936118,0.9750847924052157,0
2011-08-24 23:00:01,0.089214527027,0.9803745827122896,0
2011-08-25 00:00:01,0.0810109090909,0.967096800599858,0
2011-08-25 01:00:01,0.0740128410915,0.9707585616175526,0
2011-08-25 02:00:01,0.0661502347418,0.9800986719442153,0
2011-08-25 03:00:01,0.0658904109589,0.9813230393244315,0
2011-08-25 04:00:01,0.0658904109589,0.9696927268254896,0
2011-08-25 05:00:01,0.0795053147997,0.9520841197978712,0
2011-08-25 06:00:01,0.100915331808,0.873032345059298,0
2011-08-25 07:00:01,0.150614334471,0.96400238481928,0
2011-08-25 08:00:01,0.161641791045,0.9655910499263693,0
2011-08-25 09:00:01,0.186170212766,0.962955118177348,0
2011-08-25 10:00:01,0.120856269113,0.636072851920819,0
2011-08-25 11:00:01,0.139667774086,0.9643059465447061,0
2011-08-25 12:00:01,0.148098159509,0.9605379582076031,0
2011-08-25 13:00:01,0.150740740741,0.9532432483120103,0
2011-08-25 14:00:01,0.128050089445,0.6669854125858121,0
2011-08-25 15:00:01,0.123235685752,0.6230431150908408,0
2011-08-25 16:00:01,0.113632019116,0.6330983490460036,0
2011-08-25 17:00:01,0.103065217391,0.8602576048132295,0
2011-08-25 18:00:01,0.102137203166,0.8754724637602169,0
2011-08-25 19:00:01,0.116292517007,0.6551578993410385,0
2011-08-25 20:00:01,0.0962192216044,0.9463163724860982,0
2011-08-25 21:00:01,0.0926034958602,0.9886015036837436,0
2011-08-25 22:00:01,0.0993384223919,0.9908279346942869,0
2011-08-25 23:00:01,0.0854255319149,0.9640763430475595,0
2011-08-26 00:00:01,0.0726258992806,0.9839720348715011,0
2011-08-26 01:00:01,0.0689721485411,0.9785440712813438,0
2011-08-26 02:00:01,0.0659612903226,0.9772429416287183,0
2011-08-26 03:00:01,0.0546968403074,0.991141729533518,0
2011-08-26 04:00:01,0.0795277777778,0.9537917593285189,0
2011-08-26 05:00:01,0.0923461538462,0.99254185006447,0
2011-08-26 06:00:01,0.105986842105,0.8772298068930638,0
2011-08-26 07:00:01,0.165223097113,0.9656989714569023,0
2011-08-26 08:00:01,0.175538461538,0.965482960266694,0
2011-08-26 09:00:01,0.151849315068,0.9662684046203538,0
2011-08-26 10:00:01,0.177138263666,0.9630815751650776,0
2011-08-26 11:00:01,0.121359773371,0.6503440690856417,0
2011-08-26 12:00:01,0.131615541922,0.62456225522728,0
2011-08-26 13:00:01,0.145436241611,0.9599896247319519,0
2011-08-26 14:00:01,0.131875,0.6459579680280184,0
2011-08-26 15:00:01,0.145088566828,0.9635442645657214,0
2011-08-26 16:00:01,0.138504672897,0.629659849719255,0
2011-08-26 17:00:01,0.123757881463,0.6238640471311951,0
2011-08-26 18:00:01,0.117987804878,0.6265835650557836,0
2011-08-26 19:00:01,0.110223577236,0.8687913911334091,0
2011-08-26 20:00:01,0.107444608567,0.8686095809629081,0
2011-08-26 21:00:01,0.103782095767,0.8670817365137471,0
2011-08-26 22:00:01,0.095650713686,0.9464996947536277,0
2011-08-26 23:00:01,0.101652360515,0.8739975448549233,0
2011-08-27 00:00:01,0.0850060606061,0.9679235350706501,0
2011-08-27 01:00:01,0.0855480769231,0.9678480498162816,0
2011-08-27 02:00:01,0.0793292682927,0.955082734859091,0
2011-08-27 03:00:01,0.0749841269841,0.9593391567841959,0
2011-08-27 04:00:01,0.0956683168317,0.9321735042395797,0
2011-08-27 05:00:01,0.0981013824885,0.9905297913339941,0
2011-08-27 06:00:01,0.110380622837,0.8734334146855349,0
2011-08-27 07:00:01,0.135073529412,0.6300585428473786,0
2011-08-27 08:00:01,0.163687635575,0.958741740231807,0
2011-08-27 09:00:01,0.147275132275,0.9619463994790248,0
2011-08-27 10:00:01,0.118717339667,0.6418422295932702,0
2011-08-27 11:00:01,0.154738292011,0.9679368521989274,0
2011-08-27 12:00:01,0.134536082474,0.6400285170391571,0
2011-08-27 13:00:01,0.131927536232,0.6355637820980736,0
2011-08-27 14:00:01,0.126748057714,0.6439042101358157,0
2011-08-27 15:00:01,0.120754005655,0.630534118717359,0
2011-08-27 16:00:01,0.118395833333,0.6438921676702128,0
2011-08-27 17:00:01,0.103737646002,0.8662908355011005,0
2011-08-27 18:00:01,0.100345140781,0.863185178110465,0
2011-08-27 19:00:01,0.098473547268,0.9921107671135276,0
2011-08-27 20:00:01,0.0985117967332,0.9933809058365692,0
2011-08-27 21:00:01,0.0954140127389,0.9372416244091416,0
2011-08-27 22:00:01,0.0860727272727,0.9681935259584422,0
2011-08-27 23:00:01,0.0821031746032,0.9739532111290805,0
2011-08-28 00:00:01,0.0727639751553,0.9677275006379149,0
2011-08-28 01:00:01,0.062752851711,0.9803840585971649,0
2011-08-28 02:00:01,0.0587381473377,0.9968159018005068,0
2011-08-28 03:00:01,0.0479363057325,0.997947216277421,0
2011-08-28 04:00:01,0.0682142857143,0.9772140361513909,0
2011-08-28 05:00:01,0.0759542586751,0.9802348370486058,0
2011-08-28 06:00:01,0.106373626374,0.8547453600321764,0
2011-08-28 07:00:01,0.0969246861925,0.9371066965981765,0
2011-08-28 08:00:01,0.170033388982,0.9699281082700603,0
2011-08-28 09:00:01,0.124548104956,0.6426781172809115,0
2011-08-28 10:00:01,0.114635514019,0.6430873912050916,0
2011-08-28 11:00:01,0.103448275862,0.8642673446612104,0
2011-08-28 12:00:01,0.116266173752,0.6412468561978866,0
2011-08-28 13:00:01,0.126609907121,0.6313246732204829,0
2011-08-28 14:00:01,0.130183006536,0.6338894658371503,0
2011-08-28 15:00:01,0.120176531672,0.6294156871846133,0
2011-08-28 16:00:01,0.111587301587,0.6318684763407394,0
2011-08-28 17:00:01,0.0976240846216,0.9921796157754417,0
2011-08-28 18:00:01,0.0948384353741,0.9450578984926662,0
2011-08-28 19:00:01,0.0840584166026,0.9694121576154446,0
2011-08-28 20:00:01,0.0743294117647,0.9697644837169691,0
2011-08-28 21:00:01,0.0712329863891,0.9846594515385326,0
2011-08-28 22:00:01,0.0668421052632,0.9776548962461034,0
2011-08-28 23:00:01,0.0719213114754,0.9806695255315722,0
2011-08-29 00:00:01,0.0600398406375,0.997014224997053,0
2011-08-29 01:00:01,0.0555158069884,0.9854732302082675,0
2011-08-29 02:00:01,0.0490916597853,0.9994502862560252,0
2011-08-29 03:00:01,0.0423600973236,0.9906870877528539,0
2011-08-29 04:00:01,0.0606539735099,0.9956341736074236,0
2011-08-29 05:00:01,0.0777566539924,0.9551425213843269,0
2011-08-29 06:00:01,0.0873804971319,0.9736877425527185,0
2011-08-29 07:00:01,0.129604863222,0.6603578860613306,0
2011-08-29 08:00:01,0.158345070423,0.9633131117820993,0
2011-08-29 09:00:01,0.138106508876,0.9618781453998375,0
2011-08-29 10:00:01,0.150680272109,0.9611839600116244,0
2011-08-29 11:00:01,0.116778042959,0.6409403996781489,0
2011-08-29 12:00:01,0.0966950959488,0.9415690858761532,0
2011-08-29 13:00:01,0.123992932862,0.656027296410608,0
2011-08-29 14:00:01,0.11081570997,0.861571230913803,0
2011-08-29 15:00:01,0.129307432432,0.6219101422439726,0
2011-08-29 16:00:01,0.125940740741,0.6344564016433352,0
2011-08-29 17:00:01,0.102137592138,0.8683274117434363,0
2011-08-29 18:00:01,0.0941742081448,0.9382166530614284,0
2011-08-29 19:00:01,0.109444995045,0.8632401326390706,0
2011-08-29 20:00:01,0.0872681451613,0.9780390742124793,0
2011-08-29 21:00:01,0.0890061349693,0.9834061632895866,0
2011-08-29 22:00:01,0.0870618228171,0.9713361873147057,0
2011-08-29 23:00:01,0.0841054613936,0.9592436289200091,0
2011-08-30 00:00:01,0.0761148325359,0.9780652360868037,0
2011-08-30 01:00:01,0.0600057937428,0.9948830748230297,0
2011-08-30 02:00:01,0.054295958279,0.9925836959419958,0
2011-08-30 03:00:01,0.051952887538,0.9944007676903015,0
2011-08-30 04:00:01,0.0924405218726,0.9912489434865878,0
2011-08-30 05:00:01,0.109405010438,0.8741053369633789,0
2011-08-30 06:00:01,0.122962138085,0.6551450775371194,0
2011-08-30 07:00:01,0.147909407666,0.960580956296444,0
2011-08-30 08:00:01,0.152699228792,0.9533511936495992,0
2011-08-30 09:00:01,0.1541875,0.9635303993013249,0
2011-08-30 10:00:01,0.115840707965,0.6372541773143094,0
2011-08-30 11:00:01,0.110201149425,0.8682106394251545,0
2011-08-30 12:00:01,0.110076142132,0.8716441051544814,0
2011-08-30 13:00:01,0.108673267327,0.8697069669043194,0
2011-08-30 14:00:01,0.106678832117,0.6381299409288664,0
2011-08-30 15:00:01,0.107907949791,0.8652381640177289,0
2011-08-30 16:00:01,0.119509692132,0.6557461484326761,0
2011-08-30 17:00:01,0.101547749726,0.8691076566621193,0
2011-08-30 18:00:01,0.111957340025,0.8721020869315694,0
2011-08-30 19:00:01,0.101444007859,0.8567384328624761,0
2011-08-30 20:00:01,0.0753491055972,0.9776184246768781,0
2011-08-30 21:00:01,0.0653881278539,0.9817518265797893,0
2011-08-30 22:00:01,0.089246805649,0.9859389520308662,0
2011-08-30 23:00:01,0.0813057961359,0.9762978688115925,0
2011-08-31 00:00:01,0.0938608119304,0.9361351353852874,0
2011-08-31 01:00:01,0.0797480451781,0.9599435880382678,0
2011-08-31 02:00:01,0.066393442623,0.9722194481688914,0
2011-08-31 03:00:01,0.0646177606178,0.9783048312470848,0
2011-08-31 04:00:01,0.0873961499493,0.9738730573664636,0
2011-08-31 05:00:01,0.10959047619,0.8724995653539476,0
2011-08-31 06:00:01,0.126039119804,0.6330944926083943,0
2011-08-31 07:00:01,0.12546835443,0.6523435137675101,0
2011-08-31 08:00:01,0.156303030303,0.9627181614880823,0
2011-08-31 09:00:01,0.147432432432,0.9606523047369104,0
2011-08-31 10:00:01,0.133876651982,0.6480743046151471,0
2011-08-31 11:00:01,0.129890410959,0.647467442933998,0
2011-08-31 12:00:01,0.141053811659,0.958383789188995,0
2011-08-31 13:00:01,0.117336065574,0.6523694735771517,0
2011-08-31 14:00:01,0.137372708758,0.9568692428314087,0
2011-08-31 15:00:01,0.113037593985,0.6491690216718051,0
2011-08-31 16:00:01,0.110820995962,0.8519541977296995,0
2011-08-31 17:00:01,0.0996882793017,0.991348167271224,0
2011-08-31 18:00:01,0.111057934509,0.8606513665938966,0
2011-08-31 19:00:01,0.145935563817,0.9666488002178238,0
2011-08-31 20:00:01,0.165860349127,0.9659259217556658,0
2011-08-31 21:00:01,0.17193687231,0.9717381880581908,0
2011-08-31 22:00:01,0.183753623188,0.9670018812141012,0
2011-08-31 23:00:01,0.173424036281,0.9620358365834528,0
2011-09-01 00:00:01,0.12689453125,0.6543138593959039,0
2011-09-01 01:00:01,0.107446988974,0.8525445132487542,0
2011-09-01 02:00:01,0.0718667642753,0.9849817888593614,0
2011-09-01 03:00:01,0.0693063583815,0.9851999479022786,0
2011-09-01 04:00:01,0.136761168385,0.9622156256389244,0
2011-09-01 05:00:01,0.161497461929,0.9642215233954134,0
2011-09-01 06:00:01,0.183985890653,0.9652995337223633,0
2011-09-01 07:00:01,0.190461538462,0.9557179029497227,0
2011-09-01 08:00:01,0.19428030303,0.9593226992581443,0
2011-09-01 09:00:01,0.170563380282,0.9671867287637644,0
2011-09-01 10:00:01,0.181725490196,0.9486229198827464,0
2011-09-01 11:00:01,0.155087719298,0.9609435422617537,0
2011-09-01 12:00:01,0.127297297297,0.657543315760973,0
2011-09-01 13:00:01,0.127475728155,0.6292421121467717,0
2011-09-01 14:00:01,0.138672839506,0.6386198396993414,0
2011-09-01 15:00:01,0.124584980237,0.6525335607208502,0
2011-09-01 16:00:01,0.119408450704,0.6389499963055305,0
2011-09-01 17:00:01,0.105145228216,0.8602167717758692,0
2011-09-01 18:00:01,0.104637681159,0.8404662255755453,0
2011-09-02 15:00:01,0.125439066059,0.6510224643149118,0
2011-09-02 16:00:01,0.120748373102,0.6502952856460837,0
2011-09-02 17:00:01,0.0994585448393,0.9888016198392766,0
2011-09-02 18:00:01,0.10984,0.8648930737029245,0
2011-09-02 19:00:01,0.0994903339192,0.9903764965401306,0
2011-09-02 20:00:01,0.108297511312,0.8669991915030346,0
2011-09-02 21:00:01,0.109546979866,0.8586267750895177,0
2011-09-02 22:00:01,0.129507908612,0.6456819312959683,0
2011-09-02 23:00:01,0.143330266789,0.9645678379623709,0
2011-09-03 00:00:01,0.121093613298,0.639134666536435,0
2011-09-03 01:00:01,0.11054478301,0.8470937520215889,0
2011-09-03 02:00:01,0.101602160216,0.8556802379010259,0
2011-09-03 03:00:01,0.0762834917891,0.9826028623192069,0
2011-09-03 04:00:01,0.0875485799701,0.9762679749838118,0
2011-09-03 05:00:01,0.127487091222,0.6284803940867256,0
2011-09-03 06:00:01,0.125506241331,0.6371538365014217,0
2011-09-03 07:00:01,0.114149797571,0.657248199828988,0
2011-09-03 08:00:01,0.148712871287,0.9592369118861799,0
2011-09-03 09:00:01,0.159177057357,0.9654578009717923,0
2011-09-03 10:00:01,0.125173267327,0.6389646040425894,0
2011-09-03 11:00:01,0.12546835443,0.6330971510911503,0
2011-09-03 12:00:01,0.136340508806,0.6314769815300882,0
2011-09-03 13:00:01,0.14014084507,0.9640326755837314,0
2011-09-03 14:00:01,0.135180586907,0.6296621959525912,0
2011-09-03 15:00:01,0.126968888889,0.6460139257359863,0
2011-09-03 16:00:01,0.12272195122,0.6340285472776246,0
2011-09-03 17:00:01,0.112063609467,0.8636969814480645,0
2011-09-03 18:00:01,0.10224852071,0.8607415352880239,0
2011-09-03 19:00:01,0.0998234774934,0.9881607220054482,0
2011-09-03 20:00:01,0.0981008902077,0.9890229865261654,0
2011-09-03 21:00:01,0.095011148272,0.9453334084876139,0
2011-09-03 22:00:01,0.0947378277154,0.9447590878043935,0
2011-09-03 23:00:01,0.0939592123769,0.9352209866338045,0
2011-09-04 00:00:01,0.0895993589744,0.979441777786309,0
2011-09-04 01:00:01,0.0939749328559,0.9272447935461895,0
2011-09-04 02:00:01,0.0869841269841,0.9725399969587654,0
2011-09-04 03:00:01,0.0758333333333,0.9857686785639678,0
2011-09-04 04:00:01,0.103483976993,0.8556535263629839,0
2011-09-04 05:00:01,0.124340101523,0.6304870792705961,0
2011-09-04 06:00:01,0.123559748428,0.6289237606147386,0
2011-09-04 07:00:01,0.143132780083,0.9662721634778605,0
2011-09-04 08:00:01,0.153292978208,0.9640596131975051,0
2011-09-04 09:00:01,0.144975961538,0.9685006576206359,0
2011-09-04 10:00:01,0.148344988345,0.9678047326271824,0
2011-09-04 11:00:01,0.121404958678,0.6491101880245169,0
2011-09-04 12:00:01,0.125106761566,0.6586303333956668,0
2011-09-04 13:00:01,0.137014446228,0.9598846685664212,0
2011-09-04 14:00:01,0.145497572816,0.9646888710949478,0
2011-09-04 15:00:01,0.129219653179,0.638819409536172,0
2011-09-04 16:00:01,0.125491891892,0.6506241846559075,0
2011-09-04 17:00:01,0.112601296596,0.6280250517828904,0
2011-09-04 18:00:01,0.108785123967,0.8644415651038599,0
2011-09-04 19:00:01,0.104248704663,0.8591527887749839,0
2011-09-04 20:00:01,0.0923049001815,0.9872960284217693,0
2011-09-04 21:00:01,0.0836208178439,0.9732003763612779,0
2011-09-04 22:00:01,0.0923566878981,0.9912573840116513,0
2011-09-04 23:00:01,0.0781174984207,0.9781164341374374,0
2011-09-05 00:00:01,0.0772262190248,0.9811207492810907,0
2011-09-05 01:00:01,0.0748298755187,0.9655582009070269,0
2011-09-05 02:00:01,0.0652133044107,0.9737388271472377,0
2011-09-05 03:00:01,0.0451913709116,0.997073598374126,0
2011-09-05 04:00:01,0.0791123188406,0.9589136785676771,0
2011-09-05 05:00:01,0.117971830986,0.6514096323543367,0
2011-09-05 06:00:01,0.114479338843,0.6283547987774813,0
2011-09-05 07:00:01,0.113695150115,0.6276733638633101,0
2011-09-05 08:00:01,0.175580645161,0.9620782068244622,0
2011-09-05 09:00:01,0.154212328767,0.9624088154954783,0
2011-09-05 10:00:01,0.139960784314,0.9600750416049562,0
2011-09-05 11:00:01,0.131630094044,0.62743660072454,0
2011-09-05 12:00:01,0.124085714286,0.6366427354524671,0
2011-09-05 13:00:01,0.127188552189,0.6237080641670343,0
2011-09-05 14:00:01,0.133503448276,0.6281480292614312,0
2011-09-05 15:00:01,0.12168972332,0.6398042082919133,0
2011-09-05 16:00:01,0.115792592593,0.6216288955026099,0
2011-09-05 17:00:01,0.098496835443,0.9895603254955958,0
2011-09-05 18:00:01,0.0950494396836,0.9370637184670406,0
2011-09-05 19:00:01,0.0910444874275,0.9922296549992246,0
2011-09-05 20:00:01,0.0811893687708,0.9725595555765403,0
2011-09-05 21:00:01,0.0825793907971,0.9749944957029698,0
2011-09-05 22:00:01,0.0765527950311,0.9776473613257904,0
2011-09-05 23:00:01,0.0788387978142,0.9575131244478085,0
2011-09-06 00:00:01,0.0739627659574,0.9752939447814346,0
2011-09-06 01:00:01,0.0691387900356,0.9852208734817214,0
2011-09-06 02:00:01,0.0510319076714,0.99623489678775,0
2011-09-06 03:00:01,0.0468152031455,0.9967457284060516,0
2011-09-06 04:00:01,0.0999201596806,0.9909268104574289,0
2011-09-06 05:00:01,0.10201884253,0.8641873629256476,0
2011-09-06 06:00:01,0.106287262873,0.8569859591832482,0
2011-09-06 07:00:01,0.150187265918,0.9575681831777614,0
2011-09-06 08:00:01,0.140684210526,0.6234375113817552,0
2011-09-06 09:00:01,0.154042553191,0.9663490547348477,0
2011-09-06 10:00:01,0.138396946565,0.6360701574543473,0
2011-09-06 11:00:01,0.116378737542,0.6332531728557027,0
2011-09-06 12:00:01,0.111181318681,0.8574478711520453,0
2011-09-06 13:00:01,0.116266375546,0.6405507215253077,0
2011-09-06 14:00:01,0.116395112016,0.6462827357862027,0
2011-09-06 15:00:01,0.114629948365,0.6288089259141632,0
2011-09-06 16:00:01,0.111974522293,0.6364512716504707,0
2011-09-06 17:00:01,0.0947324613555,0.9396732798695222,0
2011-09-06 18:00:01,0.112244224422,0.8644367074261541,0
2011-09-06 19:00:01,0.102278911565,0.8575657798418034,0
2011-09-06 20:00:01,0.0928500496524,0.9933111840198445,0
2011-09-06 21:00:01,0.0991582733813,0.9900409821377649,0
2011-09-06 22:00:01,0.0976913580247,0.9870231490353006,0
2011-09-06 23:00:01,0.0857002111189,0.9702985875315895,0
2011-09-07 00:00:01,0.0823789294817,0.9703607972525856,0
2011-09-07 01:00:01,0.0659537882859,0.9729042201116538,0
2011-09-07 02:00:01,0.0494587280108,0.9961765027060504,0
2011-09-07 03:00:01,0.0497890818859,0.997686379104522,0
2011-09-07 04:00:01,0.0654583772392,0.9702059036301363,0
2011-09-07 05:00:01,0.0896212121212,0.9837956659735931,0
2011-09-07 06:00:01,0.111073619632,0.8597835161930715,0
2011-09-07 07:00:01,0.101031746032,0.8515886846832488,0
2011-09-07 08:00:01,0.151616766467,0.9617207725944016,0
2011-09-07 09:00:01,0.124743589744,0.6317886249757088,0
2011-09-07 10:00:01,0.135588235294,0.6258898003357733,0
2011-09-07 11:00:01,0.0946623794212,0.9450041604259296,0
2011-09-07 12:00:01,0.097656612529,0.9900400332639834,0
2011-09-07 13:00:01,0.0962009803922,0.9422928615751832,0
2011-09-07 14:00:01,0.0853863636364,0.9758379961783877,0
2011-09-07 15:00:01,0.109326923077,0.8529676532378045,0
